anime_id,user_name,rating
1535,goldenkirby21,9
1535,jdg12490,10
1535,TudoricaRica,10
1535,InspectorVector,5
1535,see32122,10
1535,Aztreak004,8
1535,Tentasticlj,10
1535,Ahmad134,8
1535,sivert420,9
1535,mmehedii,9
1535,chandra_sayan,10
1535,Kkmeme,10
1535,Reixxel,8
1535,GreekMyth,10
1535,pstrme,9
1535,enzoo_gr,10
1535,YamiiiKaze,8
1535,ASharma,10
1535,proeras,7
1535,9francesca,9
1535,tenkostan,8
1535,namanjain,10
1535,Y_KIRA,10
1535,IlijaCar13,9
1535,tom_cooper4,9
1535,MEIK0W0,10
1535,angerypeony,10
1535,Danni31,10
1535,PooPooPants,9
1535,Jaden_Jaromamay,9
1535,Geo-sensei,10
1535,mwm72948,10
1535,XBuzzerBro,8
1535,mwe27599,10
1535,TheTrueDragosin,10
1535,vijay99,8
1535,Nas_rul_lah,8
1535,fqw43791,10
1535,KatonHousenka,10
1535,Kostka22,9
1535,velooxy,9
1535,nkt84678,10
1535,Katarsi,8
1535,fbz73776,10
1535,gli62738,10
1535,hi_high,10
1535,Jazbel,9
1535,Kai-the-Ai,8
1535,pashachekov,9
1535,Vinossauro,9
1535,4rtyy_,8
1535,Flambo_,9
1535,Shibashis_Das,8
1535,Arnob5,8
1535,Raqib_Ahsan,8
1535,guepard44,4
1535,hyacintha,10
1535,Mertheas,7
1535,Maianhho,8
1535,Ryuzaki19991,10
1535,Pika22YT,7
1535,_Karolekzplr_,8
1535,lilloc,6
1535,gqj0069,10
1535,anshumanmal21,10
1535,UfotableHachiman,9
1535,LznucrsFrank,10
1535,img14565,10
1535,anzamustdie,10
1535,Tynersenic1,10
1535,bmr61190,10
1535,LiaWinter,8
1535,ShampooMonster3,7
1535,Vioritia,10
1535,eov4704,10
1535,xiujennie,10
1535,alyanah_,9
1535,nvl15049,10
1535,tdangie,9
1535,AshLy99,10
1535,xxw29410,10
1535,danielkoetsier,9
1535,Sebasuchan-san,6
1535,Tairem,9
1535,raqqsz,7
1535,HeliumOp,9
1535,pwprotom,10
1535,RaijinKaito,9
1535,Afmoot,8
1535,Piranhafish,8
1535,agentcs6,8
1535,Cosmin_MVP,9
1535,sharpknives,7
1535,CamuniardoDVinci,10
1535,Acitrusfriend,8
1535,LelouchBolado,10
1535,Tigi3008,10
1535,mizukie,9
1535,arky__,9
1535,Dezzzu,8
1535,LiviuWizard,8
1535,sneaX33,9
1535,OS_Fenix,9
1535,Ushma45,9
1535,wyo35893,10
1535,Animeweeb2005,8
1535,portgasdegg,8
1535,nicolananas,8
1535,wyf89804,10
1535,Gg-chan,10
1535,jwp06740,10
1535,nikolavv,9
1535,vivanation,10
1535,mya61315,10
1535,babykkj,9
1535,bwj67189,10
1535,ceerresete,8
1535,Johnhalm2004,7
1535,drbecker,6
1535,Omar223,9
1535,uuuziulko,6
1535,Keowynn,8
1535,DzWhaler,9
1535,peachyomii,8
1535,f_felix,10
1535,Cameronminor,9
1535,MoonTurkey,8
1535,Willsterito,9
1535,Rescuff,10
1535,Sai_Kapil,10
1535,artxrias,7
1535,OrochiYamata,10
1535,Markusz010,9
1535,yle86899,10
1535,Lox369,6
1535,rbh57584,10
1535,Butterstick95,7
1535,tsukimi1407,8
1535,lxn71387,10
1535,Blacksheep75,8
1535,fzq53934,10
1535,nel99962,10
1535,AdarshCJ,9
1535,qgs83947,10
1535,lebawra,9
1535,Vincentevil,8
1535,KaiXKI,8
1535,Budzik,10
1535,goodjudge_1331,8
1535,BornoftheBlood,10
1535,lolifilico,8
1535,YorozuyaShinobi,10
1535,yourgirlfc,10
1535,shashwat2001,9
1535,Raisa_MAL,8
1535,andiheniii,10
1535,Marcusg13,8
1535,lukaazman,10
1535,MajaMizukage,8
1535,DOALFIKAR88,9
1535,iit0,9
1535,Kinjal0303,8
1535,ArcKnight_486,9
1535,WhiteRubik,8
1535,Ghousto,10
1535,Stazaky,7
1535,His0ka_morrow,10
1535,Jockes01,10
1535,Shampolo,10
1535,GThatNerd,7
1535,jennifer_robson,8
1535,yameroochan1,9
1535,Tadaronne,8
1535,saikissidehoe,9
1535,yWos,10
1535,siegha,9
1535,Mel0nM4fia,9
1535,Adrisku,8
1535,RedOX-gEAr,9
1535,kuriNkishii,9
1535,Kanadejwkun,10
1535,Magmanat,10
1535,ForeverCountless,8
1535,pancho507,7
1535,SiaK125,10
1535,crabhattedtwat,9
1535,sarveshk907,9
1535,hitsuji_,10
1535,d6fh4x,10
1535,Aakash2006,10
1535,syphdias,9
1535,xzkyeom,8
1535,FurySco,10
1535,TheShichibukai,8
1535,SkrilloVFX,8
1535,I7m4e1,10
1535,dildomar,9
1535,Przemek9,10
1535,Ako27,9
1535,KingJaize,9
1535,HotDragonRiver1,10
1535,lesathstr,10
1535,ThicccOatmeal,8
1535,HunterxS,8
1535,Trampa,9
1535,yogirltiffany,9
1535,dondache,10
1535,SBRSH,9
1535,Wish_I_WasAsleep,10
1535,HonkyDonk,10
1535,Mariox1030,9
1535,Avalakh,7
1535,4n1rok,8
1535,ahlaissuffering,8
1535,Hadi74,10
1535,Chri88,9
1535,lemonpiercer,8
1535,Sancheys,10
1535,windpinkler,9
1535,lukeepokee,9
1535,7ds_wrath,9
1535,ALBEROLUBBIANI,9
1535,Grgurahara77,9
1535,Lawofgoodanime,10
1535,xRealSven,7
1535,Sora_KB,8
1535,kazuyo-chan8,7
1535,Copyboy-13,8
1535,Tyrepoi,8
1535,electrekid,8
1535,Tyler95637,4
1535,lethryon,9
1535,Dam1Dam1,9
1535,astn,8
1535,Devpokepatel,10
1535,TakedoWnBRUH,7
1535,Ishadd,8
1535,Kisteki,10
1535,V01D1011,10
1535,mello_s-waifu,10
1535,LiljeeG,8
1535,ho123h1,10
1535,Zubairwarsame,7
1535,__waiz___,10
1535,ItzSlown,9
1535,Yoobebe,9
1535,AngelRayz,6
1535,possumsonly,8
1535,zymo,10
1535,Laurlaurentiuu,9
1535,orami23,10
1535,kenmaUwU,8
1535,kahoria,9
1535,Kyubey564,7
1535,FluffyGuest,9
1535,Artoo22,7
1535,srahkmli,6
1535,Asura754,10
1535,kobrakai23,8
1535,FuckingLIST,10
1535,biankitas,8
1535,Ghouldae02,9
1535,Itachiappy,8
1535,RickyPeach,9
1535,Ephraim_Renais,8
1535,Xasteroid,10
1535,kidziplock,9
1535,Tinilovic,10
1535,Kishirou,9
1535,RoeJogan,9
1535,Aliviana,6
1535,EdNubbin222,8
1535,BlackHeart_Fakuu,9
1535,_zakaria_,10
1535,prog_boi,9
1535,Grimes2002,8
1535,Mariana09,10
1535,Vivichan2,9
1535,Maybeimaweeb,9
1535,Somorita,10
1535,pedalaDoizeci,9
1535,anyayang,8
1535,nightwing_598,9
1535,OTKGRIM,9
1535,Dnew20,10
1535,Shaurya_Chahar,9
1535,BakaSonam,10
1535,Joete,10
1535,prerak_1805,10
1535,animegarcia96,8
1535,vqallyy,7
1535,RandomUser251,7
1535,Shaliz93,9
1535,WEEBR4Y,7
1535,UwU_potato,10
1535,Neonphoenix1,10
1535,ppr31121,10
1535,WartedRiver,9
1535,wps55888,10
1535,MohafaOtaku,7
1535,mad88726,10
1535,blg59425,10
1535,kageyamaaaa12,9
1535,ozd97117,10
1535,Unkownenemy,9
1535,Tashdemash,7
1535,liw77963,10
1535,IamChrollo,10
1535,ichirolean,9
1535,theworldoh,9
1535,crongroge,8
1535,Jattforce24x,9
1535,Iguerra99,8
1535,Zachary1110,8
1535,Muffinintendo,9
1535,Ryzeznikh,10
1535,ballzac06,8
1535,joellebla,8
1535,clicheaboveall,6
1535,Itachi_god3012,10
1535,EdwardElric2002,9
1535,Stark101010101,10
1535,Camendez20,10
1535,Kataruki,8
1535,jgraz22,9
1535,GamrTaku,10
1535,Maja5915,9
1535,ultramewtwo,10
1535,ErzaSenju,9
1535,xXKitKat99Xx,9
1535,Weeb291,6
1535,yukiame_bie,10
1535,Fiorellasoto_,10
1535,vichpz,7
1535,kostiashka,6
1535,Lily452,3
1535,RektCookiee,7
1535,18392739_,10
1535,myordinarylife,10
1535,gunnawunna,9
1535,Murito,9
1535,Fransiscii08,10
1535,Mr_Bug,9
1535,FemboyNitty,7
1535,KANEKI87954,9
1535,Neamul,9
1535,vyv07629,10
1535,Mangahorse,9
1535,sweppu,8
1535,Taaran,9
1535,Yeetmaster6981,7
1535,aiw12563,10
1535,TRIFTONE,10
1535,ConanSuzuki,9
1535,wwj16970,10
1535,Quioia,8
1535,xLaz,9
1535,Teji_,10
1535,Jvvelozo,8
1535,NightMare311202,10
1535,Mossyh16,4
1535,Shehabov7,10
1535,uxz54502,10
1535,jusanaverageweeb,6
1535,RoyalKing,8
1535,imx41909,10
1535,OshawottDaBoss,8
1535,ipc26853,10
1535,Arkann,8
1535,iel3145,10
1535,Mothramoi,8
1535,lwy44081,10
1535,cwk16663,10
1535,ChilledKiwi,8
1535,protatoez,5
1535,Soulzzzz,9
1535,bluesz,10
1535,bbyu54321,10
1535,lunar_wolf_,9
1535,HoraceBray,8
1535,masumreza,9
1535,Neidua,9
1535,pikkipikki,7
1535,SatiricalFever5,6
1535,Timberpine,10
1535,bryantf,9
1535,zaraloko,5
1535,carmaker,10
1535,DripFrosty,9
1535,Nabiganj03,9
1535,elk4176,10
1535,MinertieStudios,6
1535,TakeNe88,10
1535,Steam_Tactics,8
1535,tak30648,10
1535,Ramisa3434,10
1535,Intenzi,10
1535,apv53677,10
1535,ntbkillz,8
1535,Sh3vam,8
1535,eqc57379,10
1535,MadisonAreddy,10
1535,MadFalcon,10
1535,zte05143,10
1535,HariChandiran,10
1535,KaleDzedaj4,9
1535,RaphaLoza,8
1535,kennedyoliveira,10
1535,mikaelcg,10
1535,Akiradiarra,9
1535,MattRam,7
1535,SakuraReimu,8
1535,gandolphin,9
1535,Ikari-rafi-ray,10
1535,BfCoD51,8
1535,Sagarhatake,9
1535,Link_KD,8
1535,Nemurunai,9
1535,DownStop,8
1535,leticiabeah,8
1535,Fahmida_Sinha,8
1535,aldafb,8
1535,kedes,7
1535,jellyplantz,9
1535,Digiacejedi,7
1535,N4N4CH1,8
1535,betymaster,7
1535,heartqwq,9
1535,Felix_02,8
1535,kironinja1001,7
1535,wafabig,8
1535,mor-kun,8
1535,psdafuq,10
1535,1aliraad,10
1535,Amirthecool,8
1535,NavyCL,8
1535,ElPPirula,8
1535,Celestine1,10
1535,Broncobeast,10
1535,pokemad,10
1535,Leonel08,8
1535,gisel,8
1535,JellyyyBear,9
1535,Noothz,8
1535,kageyamasmillk,10
1535,arminology,10
1535,ddaengsara,8
1535,cryptid_doe,7
1535,sxhmoop,10
1535,RedKittyKillOMG,9
1535,Shmondo,9
1535,zozobean,8
1535,nojokr0,8
1535,gilbrooks,10
1535,tyjoey,7
1535,ArdySama,8
1535,Zeroing202,8
1535,SirGaggio,10
1535,ouaisdeouaiis,8
1535,lucasahem,9
1535,crasher495,10
1535,dacastro,9
1535,ek1lumi,9
1535,Fareon333,10
1535,Crashad,10
1535,Kendysse,9
1535,Rage_player,9
1535,tine_chan,10
1535,yuuri8112,10
1535,Dei_kacchan,10
1535,Xawesome1234,9
1535,Comedy99,7
1535,ErversonTV,8
1535,JuanPeloverde,10
1535,raqu_,7
1535,loganfiol34,8
1535,SoragatoSubaru,9
1535,wbergie,9
1535,Junes_Ein,10
1535,Umqualquermn,7
1535,nigeranbean983,10
1535,ashleyko,10
1535,Maiyoneiss,8
1535,Nak0ss,9
1535,Floralxdiiya,8
1535,arthurdzwieleski,10
1535,Hypro,9
1535,BongoKong217,9
1535,thecrabgang,9
1535,_alFREDo,9
1535,GJ,9
1535,DefNotThePope,7
1535,Affaraa,9
1535,Inazuka,8
1535,abcd231,8
1535,bfm837,9
1535,smoxy,6
1535,elMatiWTF,9
1535,Joki1,10
1535,Engetsu29,9
1535,bkotaku,10
1535,oishson,8
1535,Erik_is_a_myth,10
1535,Smashbrony8,10
1535,CatDunbar,8
1535,hairystiles,10
1535,CarnageMatt,10
1535,BRDBITS,10
1535,MuktadirFreak,10
1535,N0V4_6,10
1535,MR_Cegon,8
1535,netherboy23,8
1535,Kod4,8
1535,bruhhhhhh666,6
1535,MaxBean,8
1535,CCarrMcMahon,8
1535,Naaaviiiii,8
1535,Liquidmaximo,10
1535,uchihxpwr,6
1535,xoxoxly,8
1535,WalZKiller,10
1535,glacr777,10
1535,AshBWeebin,9
1535,SkullyOak309,4
1535,Anaiimez,9
1535,connorlw,10
1535,Nelio17,7
1535,littlestrikerz,9
1535,mifunescumslut,8
1535,Russell1047,9
1535,sniperphora,8
1535,Bubba_13,8
1535,ard0,10
1535,DekusSplitEnds,8
1535,RaxusPrim3,8
1535,Loko_P,8
1535,monkeyman1500,6
1535,Volcanowo,10
1535,Skill123,10
1535,Beastmode24250,8
1535,Charrrrr,7
1535,Snehy,8
1535,killnatsu,7
1535,yuupumpkin,8
1535,Daaatsuzoku,8
1535,REDD0G14,10
1535,SanctionXV,8
1535,puzelniy,8
1535,Lulo713,8
1535,Robertocha,10
1535,tsukkiluvr11,8
1535,ledankanime,9
1535,NikoRovelli,8
1535,aphoticpsyche,8
1535,Slimelop,9
1535,Noah-,7
1535,Maxmaxlist,8
1535,manfruit,8
1535,rvben,9
1535,TomatoTamatoe,9
1535,soraalicefag,10
1535,GameXnoXJinsei,7
1535,MamoruYuukiMAL,8
1535,eleoh_,9
1535,raisuwaifu,9
1535,Kathryngieleghem,8
1535,Aryan-san,9
1535,ThiccOreoBoi,8
1535,drazoria,8
1535,Umbra987,10
1535,sensityv,9
1535,Yessir69,6
1535,giulia_54,10
1535,jennymyfrenny,9
1535,avellin0,10
1535,Wilsonlops,9
1535,LordZaroto,9
1535,Kratos_16,9
1535,Digo9000,8
1535,undeaniable_,8
1535,VampiresAndJunk,8
1535,Shimonieli,10
1535,Casterslamham,7
1535,Crixus_V2,10
1535,Nathalia_15,10
1535,dmord94,10
1535,lemonaids23,10
1535,Joshi347,8
1535,brunalimarosaa,10
1535,Dagmaraxt,9
1535,Kishibero,10
1535,Jaeger_aman,10
1535,SWAAAAGO,9
1535,Saijaku288,9
1535,maxisntdead,8
1535,BigtrainOnya,10
1535,YoshiZ14,8
1535,DOCTOR_KIM,9
1535,BigHatEltrix,9
1535,grilledtea,8
1535,bushybushy,8
1535,Brooksie,10
1535,Koomongous,10
1535,RedDeady,6
1535,konrogocrazy,8
1535,kubisnax,9
1535,de_gen_er_8,7
1535,Khato,8
1535,xavi0305,9
1535,lulu1484,8
1535,ortacyn360,10
1535,aSmallWeeb,9
1535,OZ79,10
1535,DramaticDrummer,6
1535,dluiscosta,7
1535,anA3s,9
1535,mtronic,9
1535,nxvela,10
1535,JesusLizardJr,6
1535,rinshikou,8
1535,Goldthing1,10
1535,YunGG1,8
1535,x1ov1dfer,8
1535,FreelyViben,7
1535,Oscilioth,6
1535,kkaynic,5
1535,GuilhermeDiniz14,10
1535,Akiraki,7
1535,Maddylynn,9
1535,Jmgp23,10
1535,Saposqlos,10
1535,Sirrullah,9
1535,StefanDMN,7
1535,Boruma,7
1535,qu-een-06,8
1535,lukdololo,8
1535,Dairumondo,10
1535,sykeclops,6
1535,Elvisbreastly,9
1535,Leeyam,10
1535,TiahKina,9
1535,jtepyan,7
1535,kingh271,7
1535,Nucchie,10
1535,LarryKLV123,9
1535,lxvelyangel,8
1535,Kagueysha,10
1535,JJ31331,9
1535,hij0x,8
1535,TaynaCristina,10
1535,LightsNormalBook,9
1535,Skyblues,9
1535,YuRatheSLOTH,8
1535,artsyazngrl,9
1535,etinxD,8
1535,Elkakin,9
1535,Lelii,9
1535,Meru3,10
1535,Yaeger70300,9
1535,panicpeace,6
1535,Mapusisoa,8
1535,ItzChillkzyyy,4
1535,Billvar,10
1535,SookTeuk,9
1535,DARKGMM,9
1535,Innovade,8
1535,QueenNuggeto,9
1535,ITAMI83,7
1535,SamKento,9
1535,Pedritouwu,10
1535,ImBadWithNames05,5
1535,JeffuObama,9
1535,Joker_g204,8
1535,Vanpaio,10
1535,Honeymilks,7
1535,Limies,9
1535,bunniibabie,8
1535,technotooz,8
1535,Santamito,7
1535,Gorgo511,10
1535,CrazyWeabo105,8
1535,Rigs_Cave,9
1535,claudiaxox,9
1535,Viporol,9
1535,Sephiroth9000,10
1535,BlueCrusader57,6
1535,BarLuv,9
1535,kyuebiko,7
1535,shammylasham,9
1535,NobleCr0w,9
1535,Munga,9
1535,Fusionshotgun,7
1535,cool84831,9
1535,championStreak,6
1535,PinguinoSabio,8
1535,jphillips2873,7
1535,MrElite7,6
1535,Dekushospitalbed,10
1535,XxGothFurryxX,9
1535,foxdog178,7
1535,Evemotions,10
1535,Mod_of_L3wds154,7
1535,Maldeojo,10
1535,Cat_Trash,9
1535,NahuelDeus,9
1535,Hsjdkf,9
1535,GodAkira,10
1535,SK_41923,9
1535,Mary_lolita,9
1535,Shelfish404,10
1535,Ash4Speed,8
1535,Julx7393,9
1535,Quinn-sama,10
1535,narduo12,8
1535,bthea7,10
1535,LotusLandSigma,10
1535,lecobaby,9
1535,caroline_1601,10
1535,MoonLi,10
1535,Araki_Worshiper,6
1535,Nishiyori,7
1535,willyumgaming,8
1535,IdxshI,10
1535,Searag_A,10
1535,SadFrost,9
1535,Simmy600,6
1535,CDW57,8
1535,GARLOD,8
1535,Santi_Sensei,9
1535,Andlu87,6
1535,Chevalric,10
1535,TheOnlySky21,10
1535,Jeanlucca,8
1535,melaraphel,7
1535,qveryy,8
1535,SPLOOFLE,8
1535,f36sefel,9
1535,Hayqo,9
1535,JaydenDaLilSnail,7
1535,anachiamenti,10
1535,Ray1818,10
1535,BlankFury,10
1535,aphrddt,8
1535,Shad0w33,9
1535,CykaZero,9
1535,Redragon12,9
1535,AntiCeler,10
1535,r_ramenoodles,8
1535,The_Wreck_DeReck,10
1535,iagocarsa000,8
1535,NotStunz,9
1535,rebalonia,10
1535,KYX176,7
1535,ZADC,10
1535,Yasmin38,9
1535,poiarized,6
1535,ChrisN_02,10
1535,zsar,9
1535,rekreant,7
1535,IanBraesch,10
1535,7azem10,8
1535,Mob-san,10
1535,ye66086,9
1535,Peajell,10
1535,Fati9,9
1535,lunchhh,9
1535,amabo,9
1535,d4ls___,9
1535,__kai,9
1535,Ceutkss11,8
1535,CrybabyyChan,9
1535,by_ozeremr,7
1535,Valentin_ilchev,9
1535,Blob2005,9
1535,rtmutale917,10
1535,pedroascensao99,9
1535,yasperyo,8
1535,Seminho,8
1535,grimmjow_chan,10
1535,Raph_dp,9
1535,NarutoBarrage,7
1535,DroWsy0,8
1535,NerdyTable,1
1535,obitoxnaruto,9
1535,bebsah,7
1535,Kiritoxnewt,9
1535,Mozangoozi,10
1535,Borjafreire696,9
1535,SaadRT,9
1535,MartaNara21,9
1535,mike12041204,7
1535,shookytooky,7
1535,Xassor,8
1535,-UwUmitsuha-,9
1535,PariLino,8
1535,86sprinter,8
1535,colin_1896,10
1535,Aslttttt,10
1535,ChronoXlll,9
1535,Shio_Amaya,10
1535,Shelmor,7
1535,MaxTh0Ley,10
1535,cdnrik,8
1535,dtfykgl,6
1535,Conflictive,9
1535,00Aleh00,9
1535,ncj123456,7
1535,Matheus_MSM,10
1535,Hades90,8
1535,Fring2910,9
1535,elMagoPJP,9
1535,TheElusiveDragon,9
1535,katoudan,10
1535,PeclatCaio,8
1535,toolimited,9
1535,Harleeeezy,9
1535,ElSkyflyio,7
1535,CynicalFlame,9
1535,AiyuY,8
1535,sofiab337,9
1535,sro201,9
1535,radicalmilenium,9
1535,Filmer1_1,8
1535,sydtheweeb,8
1535,Crossua,7
1535,jessylmr138,9
1535,drewisbad,8
1535,mcxanie_001,10
1535,Asidan,10
1535,dankhomegrown,8
1535,MassiveLegend69,10
1535,cinnaa-bummy,8
1535,Alexanderite,8
1535,Normaneverland,10
1535,FanaticDude7,8
1535,beginningwatches,8
1535,Bbass777,1
1535,SuryckTheOne,9
1535,soonflwr,9
1535,Kur0k011,10
1535,Lavacool,10
1535,ZeRoTwO_2,10
1535,eeloraa,10
1535,karma7z,10
1535,ShogunDaddy,9
1535,Butterkeks,7
1535,1Mammoth1,10
1535,mindfxck,9
1535,gabrielo13,10
1535,Silly_serenade,8
1535,Jkmplayer1,7
1535,JP2GMD2137,9
1535,Kurtismycrush,9
1535,_Shishou_,9
1535,r4in1ng,10
1535,Patasdeganso,8
1535,Deadopoolo,9
1535,UrsoMetamorfo,9
1535,jackschneider,9
1535,buraqa,7
1535,ossmaan,8
1535,monsuelo,7
1535,nessa2409,9
1535,m_ga,9
1535,Nezukochan_n,10
1535,TC1510,10
1535,beluchiha,8
1535,yoshtola,7
1535,UpwardCurve,9
1535,muuntaja,10
1535,SymphonyH120,10
1535,Oofikwilpizza,10
1535,Velocita84,8
1535,Lemill1000000n,10
1535,Charlie0770,9
1535,SatanaelP5R,9
1535,DasBambusrohr,9
1535,HiroAkatosh1,10
1535,hoihoimatim_,5
1535,21PN,10
1535,BeebClek,9
1535,ArlindoAngolano,6
1535,LucarionXx,8
1535,SuperPanther70,5
1535,Animeboistho,10
1535,powersurge042,9
1535,Ageu38,7
1535,j_meili01,9
1535,himanshujr11,8
1535,Akemiiz,8
1535,Jennybean_K,9
1535,EileenXHunter,10
1535,bruh079,6
1535,Raistheim,9
1535,360falconpunch,10
1535,Rescuethel,9
1535,Kirra69,8
1535,H4rume,10
1535,OwarioNoSeraph,8
1535,Max991,10
1535,Pedr1nn,9
1535,swyftex,10
1535,Pacolantiiis,9
1535,Nerd20,6
1535,xdiegob,9
1535,Toell,8
1535,Vichikkk,10
1535,Biroxbiro,9
1535,YesSenpai,9
1535,PugSenpai,7
1535,Mighty_Suhail,10
1535,SKAUA,9
1535,Peintboi,8
1535,StrikeZboy,8
1535,PersonaSOLO,9
1535,_Nikita_,10
1535,ryebreadbutgf,10
1535,Hare_Krishna,10
1535,namelessjord,9
1535,26092609,8
1535,Jerry-Mia16,9
1535,ListaZero,8
1535,Jojo-references,6
1535,MoonlightCansu,10
1535,Sona3,8
1535,cesarrex,4
1535,ponyos0,7
1535,haboshmj,10
1535,LippaiVirag,10
1535,What_a_drag7,10
1535,squola,7
1535,Ahesii,10
1535,koolkyle3004,10
1535,Sakata_foriez,8
1535,Big_Matt,9
1535,Gerson_88,8
1535,smolgoose,7
1535,Cegla109,9
1535,_Suuko,8
1535,zackattack25,10
1535,Alexz13,9
1535,Wehat,10
1535,Akisa123123,8
1535,Cristi-1305,10
1535,Stanowski01,9
1535,ameliaheartfilia,5
1535,EmmanuelVln,9
1535,Oudhav,8
1535,anzaisenpai,10
1535,Allu195,8
1535,Miedo-Omer,8
1535,blshingg,10
1535,Arip_,5
1535,gabi2999,8
1535,SenselessSweet98,6
1535,John_Extreme,10
1535,Aaravishere,8
1535,SoulSwoosh,8
1535,aquabeam,9
1535,joyurisolo,8
1535,BobF,7
1535,NorninTheWizard,9
1535,JackSp,7
1535,Santiago_927_,10
1535,Azuky,10
1535,DadangHikman10,8
1535,Milkizin,8
1535,TyroneOG,9
1535,Jason70019,7
1535,qGaBBy,9
1535,Steppy117,7
1535,faby_lt,9
1535,Daria_stefania,6
1535,Vayne42,8
1535,GyByro,8
1535,Hiana,10
1535,ainat329,6
1535,DasSquish,9
1535,DjFerntz,9
1535,omqrl,9
1535,OsakaZenji,10
1535,Tomaste,10
1535,carpotaku,8
1535,mamccita,10
1535,Anime_killer01,9
1535,Rp2655,7
1535,LumineHolic,10
1535,Datboi_Chuckles,7
1535,ZOD1S,8
1535,StarlogRequiem,9
1535,Oneline,6
1535,stephmapan,10
1535,Zerotrez,9
1535,cloudj_91,9
1535,ZekkenorKaguya3,5
1535,Mr_ReVoKe,8
1535,Narumi06,10
1535,xurry,8
1535,Sanath121,10
1535,Jessegt15,5
1535,Near_Animes,10
1535,Linkio,10
1535,shezzowicked03,8
1535,StarLynx3126,10
1535,Ti_puzza_il_culo,10
1535,Alex796,9
1535,xxxyyyep,10
1535,Giyutomiokakk,9
1535,FlameOfFury,10
1535,itsyeet,9
1535,TitanYeager,8
1535,Pabluuues,8
1535,chaerliae,10
1535,SoakingCarp,8
1535,Longly6000,10
1535,F4Z,9
1535,isa0904,7
1535,Ankanauke,10
1535,Neeraj12,10
1535,Natchin,10
1535,Raishisho,8
1535,vje2015,8
1535,ajdindtvc,4
1535,v3nom007,10
16498,180,10
16498,DullOptimistic,8
16498,TheOmaster22,7
16498,Aurimelis,10
16498,Tiana_mila,10
16498,corarara,6
16498,Japanesefae,10
16498,Memoriality,8
16498,YamiiiKaze,8
16498,HunterxS,7
16498,BDU4,8
16498,Kiray7498,7
16498,Altogatitoh,10
16498,Gareki3725,10
16498,TudoricaRica,9
16498,UchMadara,8
16498,Milev,10
16498,rhmnzl,10
16498,InspectorVector,6
16498,mmehedii,10
16498,IAmBA,9
16498,Kkmeme,9
16498,Psicosacc,5
16498,Sara_sAnimeList,10
16498,jsofduxj,8
16498,Gate_04,9
16498,Briettah,7
16498,goldenkirby21,9
16498,definitelyclara,8
16498,MrRabidDog,8
16498,kaylaberry,10
16498,Phoenixcry,8
16498,neerajnaskar,10
16498,MoonWeaver77,10
16498,sleepovibes,5
16498,Chlo02,10
16498,cxdara,9
16498,tom_cooper4,7
16498,Kamoto15,9
16498,Ixworut,7
16498,Poo9886311,8
16498,jantonio205,9
16498,sleepovibes,5
16498,Chlo02,10
16498,cxdara,9
16498,tom_cooper4,7
16498,Kamoto15,9
16498,Ixworut,7
16498,Poo9886311,8
16498,jantonio205,9
16498,Yeet_Jazz,9
16498,Marzcx,10
16498,ReeseChelsea,8
16498,ShredSavage96,9
16498,Flambo_,7
16498,vijay99,8
16498,Sadsounds,8
16498,addara,9
16498,Anas_Khan,9
16498,Sinkeryt,9
16498,Lowen9,9
16498,H4rume,9
16498,DeadEnd-kun,10
16498,Mahib123,8
16498,Kitty_cat987,9
16498,RaitoTheReaper,10
16498,BETAziggy,9
16498,Pajce62,5
16498,4rtyy_,9
16498,raj_dwivedy,9
16498,Samdari,6
16498,Geo-sensei,9
16498,Helivelton040,8
16498,hyacintha,10
16498,Jajajaime,9
16498,Benchix12,9
16498,gqj0069,10
16498,Maianhho,9
16498,Maianhho,9
16498,eternalrio5,10
16498,Pika22YT,10
16498,PedroBR510,10
16498,LiaWinter,8
16498,Zen-Zense,7
16498,LznucrsFrank,10
16498,AshLy99,9
16498,enesjoestar,8
16498,UfotableHachiman,10
16498,LessCringeName,10
16498,Hundchen,9
16498,LilDon,10
16498,tdangie,8
16498,Tynersenic1,10
16498,dosssttt,9
16498,veleduss,10
16498,pwprotom,10
16498,raqqsz,9
16498,yesbocchan,8
16498,Shampolo,9
16498,Afmoot,7
16498,Acitrusfriend,9
16498,Hallel_ch,10
16498,Kamoshika,10
16498,sharpknives,9
16498,elly098,9
16498,LelouchBolado,10
16498,Animenooooob,8
16498,hunter47195,8
16498,MAbRas15,9
16498,FakeAce,9
16498,sneaX33,8
16498,OS_Fenix,8
16498,jksmoonchild,10
16498,NJLaw,9
16498,LambyT,9
16498,Animeweeb2005,10
16498,hrishi001,7
16498,portgasdegg,10
16498,nikolavv,5
16498,cem_guzel,9
16498,Karlorafael,8
16498,vivanation,9
16498,nicolananas,9
16498,orchidjack,8
16498,Kaffos,7
16498,Symphysis,7
16498,Reaperlee,7
16498,Appendeed,8
16498,iKakashi,9
16498,shashwat2001,9
16498,Keowynn,9
16498,shayebof,10
16498,Andyruler10,9
16498,Rescuff,10
16498,Efeizleyici,8
16498,peachyomii,8
16498,putangina__mo,8
16498,Cameronminor,8
16498,Laasya_p,10
16498,Johnhalm2004,8
16498,ImranGamer,9
16498,DzWhaler,10
16498,tsukimi1407,10
16498,f_felix,10
16498,Lox369,7
16498,Aheysal,8
16498,AdarshCJ,9
16498,teodorakozicc,8
16498,exmrysss,8
16498,goodjudge_1331,7
16498,RomComForLife,6
16498,awesomeskyorb,9
16498,KaiXKI,9
16498,ClarissaRe,8
16498,BornoftheBlood,9
16498,Max360,10
16498,Vincentevil,10
16498,Stazaky,9
16498,Budzik,8
16498,Euwone17,9
16498,Blacksheep75,7
16498,lolifilico,8
16498,Raisa_MAL,8
16498,IgXerx,8
16498,Marcusg13,9
16498,DOALFIKAR88,7
16498,iit0,9
16498,Mulletcap,8
16498,saturndusk,4
16498,WhiteRubik,7
16498,Monel24,7
16498,jennifer_robson,8
16498,TBR,10
16498,notkazuya,10
16498,Tamago-desu,8
16498,JakeSR777,9
16498,humpas,9
16498,lebawra,8
16498,Jockes01,9
16498,IrumaSuzuki,7
16498,siegha,10
16498,yameroochan1,8
16498,Gabor69,10
16498,KingIco,8
16498,ShimadaisReal,7
16498,langu,8
16498,zevfrostbyte,7
16498,Mel0nM4fia,7
16498,mello_s-waifu,8
16498,Adrisku,9
16498,bankai0123456,10
16498,talentedotaku,9
16498,RedOX-gEAr,9
16498,O_Wolfs,9
16498,Konzzerwa,10
16498,Crabulaunch-chan,10
16498,Saffid,9
16498,_shreyansh,8
16498,d6fh4x,7
16498,hitsuji_,10
16498,yogirltiffany,10
16498,Magmanat,10
16498,syphdias,8
16498,BushieHalf,9
16498,xzkyeom,7
16498,AminoLN,8
16498,SkrilloVFX,9
16498,bajamaliknindzka,9
16498,Ghousto,10
16498,mbucha,9
16498,Moonlight2121,10
16498,Ako27,7
16498,SilverGraceR,9
16498,MEI077,9
16498,Hoshiko-san,8
16498,CheesyBEAR,5
16498,Wish_I_WasAsleep,7
16498,Trampa,9
16498,ThicccOatmeal,8
16498,Avalakh,7
16498,P3TROOS,10
16498,7azem10,8
16498,MajaMizukage,10
16498,dondache,10
16498,BubbleSoapSinger,9
16498,Tadaronne,9
16498,Pandababies007,9
16498,lostlittlelamb1,10
16498,RealNameKuraku,9
16498,4n1rok,9
16498,Tsola,10
16498,Sancheys,8
16498,7ds_wrath,7
16498,Saedanair,7
16498,DrNeroWagner,8
16498,ALBEROLUBBIANI,7
16498,windpinkler,10
16498,lemonpiercer,7
16498,Rocking19666,9
16498,xRealSven,10
16498,MickerGarratt,8
16498,SuperPanther70,6
16498,Mochqie,8
16498,Mochqie,8
16498,Yoshef157,8
16498,Bencikonflik,10
16498,Dothedoof,8
16498,Butterstick95,9
16498,flyguy6ix4our,7
16498,Drammer,10
16498,PlagueEleven,9
16498,astn,9
16498,Athzewe,10
16498,Thadamus,8
16498,MrHellwing,7
16498,Utsun_ren,7
16498,aaashe,9
16498,LiljeeG,10
16498,Zubairwarsame,7
16498,euphoria23,9
16498,yshaalala,9
16498,Ilnick,8
16498,TheTrueDragosin,9
16498,Kisteki,10
16498,gg1234567,8
16498,PetelgeuseDESS,6
16498,PainterAnime,7
16498,benschell,8
16498,BDZ09,6
16498,Laurlaurentiuu,10
16498,Yapparianime,1
16498,FoolOfJoker,9
16498,Vegeta-SamaSSGSS,8
16498,Kaet054,10
16498,Os_ccar,8
16498,rm4rm4rm4,8
16498,Asura754,10
16498,Ephraim_Renais,7
16498,Noera,9
16498,Mammamalia,9
16498,kidziplock,9
16498,CJtheHobo,10
16498,ArcNovaV1,9
16498,AngelRayz,8
16498,nightwing_598,8
16498,Ghouldae02,9
16498,Itachiappy,9
16498,Tinilovic,8
16498,Aliviana,8
16498,RoeJogan,8
16498,ShinaMashirotheb,1
16498,epiphanismbeats,8
16498,StarryNight26,8
16498,BlackHeart_Fakuu,7
16498,dragonstardust,6
16498,dj505PIU,8
16498,Box2,9
16498,plutoplays,6
16498,lethryon,10
16498,CURS3DKISS,8
16498,Maybeimaweeb,7
16498,pedalaDoizeci,10
16498,Kancer69,10
16498,Pepskipepep,8
16498,Grimes2002,6
16498,GoodKnight24,10
16498,zinFiNiTy-,9
16498,Mariana09,10
16498,Kneeee,8
16498,IamChrollo,8
16498,animegarcia96,7
16498,Kataruki,9
16498,GaziulGalib,9
16498,Sleepyismydad,10
16498,peppainthehood,10
16498,RukiMakino,9
16498,ultramewtwo,9
16498,Blube_Bloo,8
16498,BakaSonam,10
16498,ramune-cloud,8
16498,ste0113,7
16498,UnikittyPup10,9
16498,Jattforce24x,10
16498,Phikshun,9
16498,zaki610,10
16498,pappabones,10
16498,IamGummy,7
16498,mohammedparuk,10
16498,mntgrnd,10
16498,myordinarylife,10
16498,mr_woo,10
16498,-Kato-,10
16498,Ryzeznikh,9
16498,AragamiRagnarok,9
16498,__squilliam__,8
16498,Resrra,9
16498,jeonn97,10
16498,Logantheho,7
16498,Stark101010101,10
16498,GamrTaku,8
16498,Camendez20,9
16498,LewdTissue,10
16498,xXKitKat99Xx,6
16498,GaisuHaji,1
16498,vichpz,7
16498,ThatOneSpriter,9
16498,Murito,8
16498,Byshiz,7
16498,GiulioLinhares,10
16498,RektCookiee,8
16498,demzzalq,7
16498,trashftp,8
16498,Yhamhamoto,9
16498,gunnawunna,10
16498,ashes_k,8
16498,DodgyHippy,9
16498,Kob-Flame,10
16498,KANEKI87954,9
16498,MarcelaPazTG,8
16498,Neamul,9
16498,ConanSuzuki,9
16498,ShadowViperX7,7
16498,GazerBoy771,9
16498,Obombsaway,8
16498,Taaran,9
16498,MoldyPie,8
16498,Ems1863,10
16498,Teji_,9
16498,Mothramoi,7
16498,Shehabov7,9
16498,TRIFTONE,9
16498,Jareef-91,8
16498,Levo81,10
16498,Applestein,8
16498,Mossyh16,6
16498,Quioia,8
16498,dacastro,9
16498,Pingnig,10
16498,KiraKira,8
16498,101WolfStar101,9
16498,lunar_wolf_,9
16498,sweppu,8
16498,t_hope217,8
16498,danishadam,10
16498,DripFrosty,8
16498,Misaki_bei,10
16498,SatiricalFever5,10
16498,hellmobile,8
16498,levelchips,8
16498,TakeNe88,9
16498,jfobrien,9
16498,Dark_tama_tama,10
16498,Koremas,8
16498,Icrios,8
16498,ryanisfine,9
16498,ntbkillz,9
16498,CheesyB,7
16498,ManoC5,8
16498,MattRam,8
16498,MidoRR,10
16498,PastaIkan,8
16498,MadFalcon,10
16498,Alysse_cosplay,6
16498,Sh3vam,8
16498,gypsyman9000,8
16498,KILLERGOKU,7
16498,Intimate_Lotion,4
16498,DreamyJost,8
16498,xMayurii,9
16498,Akiradiarra,10
16498,Kr1sLOL,9
16498,betymaster,8
16498,peachijji,8
16498,Shinichilovess,9
16498,RaphaLoza,7
16498,BfCoD51,8
16498,Timberpine,7
16498,Sagarhatake,10
16498,Nemurunai,10
16498,Lil_Moe,8
16498,aldafb,8
16498,Santaka,9
16498,LunerPanda,6
16498,jellyplantz,7
16498,akaSaiba,7
16498,hotdogwaterer,8
16498,mor-kun,8
16498,OshawottDaBoss,8
16498,Amirthecool,9
16498,Oliver_Levioza07,10
16498,bryantf,9
16498,Meruem,8
16498,josh21,8
16498,tyjoey,9
16498,Celestine1,7
16498,Deelegend2,7
16498,srre0608,9
16498,amengle,8
16498,bfm837,9
16498,Noahpetrop,10
16498,Froztyz,8
16498,ruslaneeee,10
16498,weebunion,10
16498,nhatanhmai,8
16498,Lucazard,8
16498,halfthedevl,8
16498,Link_KD,9
16498,RedKittyKillOMG,10
16498,Kendysse,8
16498,Quaffles101,7
16498,cryptid_doe,6
16498,Riros,10
16498,Fareon333,10
16498,Noothz,10
16498,AO5,8
16498,Noah-,8
16498,Zeroing202,8
16498,MR_Cegon,10
16498,DarkStorm24,8
16498,PanTheMan,10
16498,Gimbrelio,9
16498,gilbrooks,10
16498,crasher495,10
16498,Fallere352,8
16498,ek1lumi,5
16498,TheWeebLad,8
16498,Signeeee,10
16498,NoLuvSumoh,9
16498,GabeMalk,4
16498,Maximus_Demon,8
16498,Dei_kacchan,10
16498,arminology,10
16498,NattyNoodley,9
16498,tBoywithA,8
16498,SirFink,8
16498,JuanPeloverde,9
16498,Hisoka_Amorou,7
16498,wolfblade47,9
16498,loganfiol34,8
16498,lucasahem,9
16498,animeting,9
16498,Riririn_Garnet,9
16498,Maiyoneiss,10
16498,Anaiimez,9
16498,xoxoxly,9
16498,Gwendellyn2002,10
16498,Floralxdiiya,10
16498,tine_chan,10
16498,Affaraa,6
16498,Patrickasso,10
16498,Lemill1000000n,10
16498,BongoKong217,6
16498,arthurdzwieleski,10
16498,qihuichenn,8
16498,notbaddesune,7
16498,BodeFuceta,9
16498,Sakhuarine,7
16498,4mayas,8
16498,Sxcrd777,10
16498,smoxy,9
16498,_alFREDo,7
16498,Dabiburndatass,9
16498,CatDunbar,8
16498,Ryleighgo4,9
16498,abcd231,8
16498,Xawesome1234,9
16498,elMatiWTF,9
16498,TheoxPetridis,7
16498,bruhhhhhh666,7
16498,danilooca,10
16498,Diam_Raina,7
16498,Undercover-Mule,7
16498,Kod4,8
16498,Ocnarp,10
16498,Liquidmaximo,10
16498,glacr777,8
16498,CCarrMcMahon,8
16498,MuktadirFreak,9
16498,BRDBITS,10
16498,liam272,9
16498,Thatspeded,10
16498,Umqualquermn,8
16498,AnasOmarM,10
16498,ard0,10
16498,mifunescumslut,8
16498,BokusaUsagi,10
16498,XsU666,9
16498,El_JOHANES,8
16498,monkeyman1500,6
16498,K0bain,9
16498,Mikupro28,10
16498,HobiLobbi,10
16498,spookyghost1616,10
16498,Russell1047,8
16498,Ti_Blond15,9
16498,ell_belly,9
16498,WalZKiller,9
16498,MaxBean,8
16498,Ayayoi,8
16498,Robertocha,7
16498,NikoRovelli,8
16498,MuffinatorMan,5
16498,lucyodile,8
16498,Skill123,2
16498,stanuy,8
16498,GuiltyPleasure22,7
16498,AlaMidiowriny,9
16498,MikeD0099,10
16498,DekusSplitEnds,8
16498,sasukeuchiha0107,6
16498,kiiby,9
16498,Kanserian,9
16498,REDD0G14,10
16498,rvben,10
16498,ProtoArix,10
16498,Keane93,8
16498,EasyTengu,10
16498,morellyfish,8
16498,raisuwaifu,7
16498,yueeime,10
16498,Sazid-Exe,10
16498,Skiryute,8
16498,69MilkShake,9
16498,Pipiri,8
16498,AraAraShinobu,10
16498,tcrouch,9
16498,mxphantom1,9
16498,MaggieWilde,7
16498,GameXnoXJinsei,6
16498,EmilyM29,7
16498,RadiantStrength,8
16498,moonteins,9
16498,LordDaggerD1ck,9
16498,eleoh_,10
16498,Crackudo1337,8
16498,MamoruYuukiMAL,7
16498,Rapsodia,10
16498,punch_spaghetti,8
16498,ChiakiIsMyDad,9
16498,Wilsonlops,10
16498,ra_ra_rasput1n07,10
16498,jennymyfrenny,9
16498,RogueUCHIHA,6
16498,Yuuya07,10
16498,Juppie,5
16498,Chocobo_Sam,8
16498,Umbra987,10
16498,iposey,8
16498,Mumu_14,9
16498,Orimurag,7
16498,Digo9000,9
16498,Heinzeber1,9
16498,LordZaroto,10
16498,Fialova,8
16498,newbietsu,10
16498,Evangeline_Blake,8
16498,GreekMyth,9
16498,lemonaids23,7
16498,gfabian,9
16498,SWAAAAGO,10
16498,ipepineta,10
16498,Kishibero,9
16498,Dagmaraxt,10
16498,Kathryngieleghem,6
16498,Jaeger_aman,10
16498,Crixus_V2,10
16498,SNo0P,10
16498,Emfefa,9
16498,BigHatEltrix,7
16498,Oppai_OO,10
16498,DampyWampy,9
16498,Saijaku288,9
16498,Houdini32,8
16498,Dimitreees,9
16498,BigtrainOnya,10
16498,handsomeSama,10
16498,Rkmb,8
16498,Animimoo6321,7
16498,YoshiZ14,9
16498,radmadandalilsad,7
16498,akontan,9
16498,rakeebh,10
16498,LeaOutLoud,9
16498,championStreak,8
16498,lorrye,10
16498,grilledtea,7
16498,jchaud,8
16498,Sirrullah,8
16498,Koomongous,9
16498,de_gen_er_8,6
16498,Supr-yt,9
16498,theeffword,8
16498,mikayuulvr,10
16498,HaseebShazib,8
16498,DOCTOR_KIM,9
16498,EndeHollow,7
16498,mtronic,8
16498,dluiscosta,10
16498,soraalicefag,8
16498,nxvela,8
16498,DaemonicFire,8
16498,Quiggles829,7
16498,Alphantom,9
16498,RoriDan,8
16498,Animedoode20,9
16498,Malikah,8
16498,Tslee,8
16498,StefanDMN,10
16498,undeaniable_,8
16498,Cruz4d,8
16498,HeliumTTT,10
16498,affit,10
16498,Boruma,4
16498,-s4t-,9
16498,TVshounen,8
16498,qu-een-06,8
16498,OGclub,10
16498,nyr1,8
16498,sykeclops,6
16498,animenigga1,8
16498,Minty_Milk,5
16498,shherns,10
16498,LarryKLV123,10
16498,Caladiel,10
16498,Keiwo_,8
16498,TiahKina,10
16498,HaremKingJunaid,5
16498,jtepyan,8
16498,hij0x,9
16498,Skyblues,8
16498,Jelly_fryguy,8
16498,sstarflan,6
16498,UzEEInc,10
16498,artsyazngrl,7
16498,Superssj,7
16498,JR4459,8
16498,Todi02,9
16498,Geraldine_345,10
16498,Dr_Blue,9
16498,Juliet_Freeman,10
16498,Joker_g204,8
16498,Yaeger70300,10
16498,Billvar,10
16498,_Bootylic10us_,8
16498,Fastrings,9
16498,Kerem5arac,8
16498,Innovade,7
16498,ImBadWithNames05,8
16498,Honeymilks,10
16498,ZappyRemku,8
16498,SrBobson,10
16498,The_Truest_Piano,9
16498,Confusedsoup1,8
16498,labcraft59,10
16498,Non-luke1,10
16498,Idiopaca,10
16498,Willy_Spinz,6
16498,3spr3sso,9
16498,Mapusisoa,8
16498,Chinky_Winky,9
16498,Fusionshotgun,9
16498,CrazyWeabo105,9
16498,KillerSS,9
16498,jayt4509,6
16498,May_mansou,10
16498,BlueCrusader57,7
16498,BboyWillem,10
16498,Santamito,10
16498,Jakehelms375,8
16498,1mythical,8
16498,ciaranzhensen,8
16498,jphillips2873,8
16498,jasviz2015,10
16498,foxdog178,10
16498,etinxD,8
16498,bombie101,8
16498,R_aayush,9
16498,SK_41923,8
16498,Vanpaio,10
16498,Lanez79,10
16498,SavaCS94,10
16498,hir0kii,9
16498,Jeanlucca,9
16498,HolyShadow181,10
16498,GodAkira,10
16498,Yaya_senpai,10
16498,Mary_lolita,10
16498,aschraf1,9
16498,Julx7393,7
16498,DARKGMM,8
16498,muuntaja,8
16498,Jonna1610,7
16498,LordRunt,8
16498,ReclaimerDann,9
16498,GARLOD,8
16498,Uppah,7
16498,juliesl,7
16498,Andlu87,8
16498,Nishiyori,10
16498,Araki_Worshiper,7
16498,TheOnlySky21,9
16498,Nishchaya,10
16498,Santi_Sensei,8
16498,Bkheang,6
16498,Kyubikurama7,7
16498,Quinn-sama,10
16498,losttank,8
16498,Rhineron,9
16498,NotStunz,8
16498,wafabig,7
16498,KYX176,10
16498,Hayqo,9
16498,f36sefel,10
16498,ArcaneBlade,10
16498,qveryy,10
16498,Strelitzia_,10
16498,Rose_Bear,9
16498,vividskies,7
16498,Iammrexp,7
16498,Shad0w33,9
16498,CykaZero,7
16498,CrybabyyChan,8
16498,whackle,8
16498,Thehispanicweeb,10
16498,r_ramenoodles,9
16498,bbqcheeseburger,10
16498,omunex,7
16498,Redragon12,10
16498,Anovi7,9
16498,Mob-san,8
16498,ye66086,10
16498,AndyVV,10
16498,Ocas_11037,7
16498,kikig09,10
16498,MrStanMan,8
16498,Uligulli2016,10
16498,IanBraesch,7
16498,rekreant,9
16498,edgy_waifu,8
16498,Ceutkss11,7
16498,yasperyo,9
16498,grimmjow_chan,9
16498,Hareoshima,10
16498,Otaku_Kait,7
16498,NoriandShiber,9
16498,ChronoXlll,9
16498,obitoxnaruto,8
16498,poiarized,8
16498,Kiritoxnewt,8
16498,cdnrik,8
16498,bebsah,9
16498,JohnatinJoestar,9
16498,AAHILZZ,10
16498,NerdyTable,1
16498,Xenmi,9
16498,Lemon_36,8
16498,visor841,10
16498,rtmutale917,9
16498,DroWsy0,8
16498,Saucykage,8
16498,Borjafreire696,9
16498,tom472,10
16498,Dodds,7
16498,Lyns_XL,8
16498,pakofiestas69,7
16498,mike12041204,8
16498,shookytooky,8
16498,Vincenzo1408,10
16498,jxssica,9
16498,SaadRT,9
16498,emithebee,8
16498,_scar,8
16498,poradic,8
16498,Shio_Amaya,10
16498,ParagonDorito,9
16498,D4bby,7
16498,Septa77122,9
16498,Asterysk,8
16498,sirtakedown,8
16498,dtfykgl,6
16498,86sprinter,9
16498,AndrewWendler,9
16498,Shelmor,9
16498,Conflictive,8
16498,Fring2910,10
16498,soukoku99,9
16498,unleash_15,10
16498,AiyuY,10
16498,Reta321,10
16498,Seminho,10
16498,ShogunRackulous,8
16498,Hatakesan,9
16498,iagocarsa000,8
16498,ElSkyflyio,9
16498,cinnaa-bummy,8
16498,Harleeeezy,8
16498,OwarioNoSeraph,9
16498,seanmartin025,6
16498,sirdubz,10
16498,Morgan18,9
16498,IshiZero,10
16498,Kvalu,10
16498,DpDl,9
16498,mcxanie_001,9
16498,DovinMAL,8
16498,LibertyGOS,10
16498,Ali_mtasa,9
16498,YuRatheSLOTH,8
16498,delfinio,6
16498,RiquelmeCauan,8
16498,Beewaste,9
16498,ZeRoTwO_2,7
16498,Gomez45,9
16498,PariLino,8
16498,mxkx,9
16498,soonflwr,8
16498,Koen13,8
16498,_YeetusDeathius_,10
16498,Kurtismycrush,10
16498,Cosmiz,10
16498,exposedpanda,9
16498,CallumJameson3,8
16498,Uta_kata,7
16498,Makseku,10
16498,jackschneider,10
16498,Yessir69,6
16498,MoonLi,9
16498,TaljehSama,10
16498,acensicn,7
16498,Silly_serenade,9
16498,narduo12,7
16498,racinglegend1233,8
16498,_Shishou_,9
16498,Luffytaro2020,10
16498,Cubeass,9
16498,Siynith,10
16498,__kai,8
16498,shnizzen,8
16498,majin2va,9
16498,UpwardCurve,8
16498,Walker-Vargas,8
16498,Nezukochan_n,10
16498,wh1terunguard,8
16498,RichtigerAcc,8
16498,Anvion,8
16498,Patasdeganso,10
16498,Sundayzz,9
16498,Delillan,9
16498,Alucardh,8
16498,HAFlat,7
16498,Wollnapkins,8
16498,Somak,8
16498,BlueFire07,10
16498,Kur0k011,6
16498,lae250,8
16498,Neo_Spectre,6
16498,powersurge042,10
16498,beluchiha,9
16498,karma7z,8
16498,ArlindoAngolano,9
16498,himanshujr11,8
16498,PureSaItAnime,7
16498,Gerson_88,9
16498,spidkeeng,10
16498,diname17,9
16498,BeebClek,9
16498,MAIdylan,8
16498,Gunni-sensei,7
16498,bruh079,8
16498,Peintboi,5
16498,SKAUA,10
16498,Bkapla12,9
16498,j_meili01,8
16498,leecxavier,8
16498,00Aleh00,8
16498,Number_1_Brunost,8
16498,Raistheim,9
16498,oingoboingo343,9
16498,dkcu,7
16498,Max991,10
16498,Bledastone,9
16498,LucarionXx,10
16498,Toell,9
16498,off_Haze,8
16498,abbeybee,9
16498,BlueBoxNora,7
16498,Subota,6
16498,Pacolantiiis,10
16498,cineworlds,10
16498,AniSinan,9
16498,StrikeZboy,8
16498,Pedr1nn,10
16498,jqsmine,10
16498,swyftex,9
16498,namelessjord,9
16498,xdiegob,10
16498,Corrompedor,8
16498,layer_,10
16498,smolgoose,8
16498,Professorhamham,7
16498,Mighty_Suhail,9
16498,WhatPlantsCrave,8
16498,rinkuto,9
16498,Miiniboot,9
16498,coolboikerokero,8
16498,yapecGGG,9
16498,MoonlightCansu,9
16498,Gimney,9
16498,sorrynotsalty,8
16498,SIMMONies,10
16498,snake_Skin,7
16498,MC_Kalippo,8
16498,angelwaifu,9
16498,edward4028,9
16498,SugerSenpai,8
16498,What_a_drag7,8
16498,Milkizin,9
16498,eliisntshort,9
16498,zackattack25,8
16498,WeebOverLord69,6
16498,Sakata_foriez,10
16498,Kenma122,8
16498,ekmessman,7
16498,srahkmli,9
16498,B5bestbr,9
16498,Mr_ReVoKe,10
16498,Wehat,10
16498,Ines2020,9
16498,Biotux,7
16498,SaberRyner,8
16498,Arip_,7
16498,hq2,9
16498,itsslay29,5
16498,SoulSwoosh,8
16498,Big_Matt,9
16498,Andicus,9
16498,Akisa123123,9
16498,ameliaheartfilia,10
16498,WaterDog47,7
16498,sleepymatthew,9
16498,GuroGuruu,7
16498,Oudhav,9
16498,Pyro_UwU,8
16498,erox04,9
16498,anzaisenpai,8
16498,Mecanno-man,8
16498,Quickshoot,8
16498,Jackzerotwo,10
16498,Arajaeger,10
16498,Lecleclecc15,10
16498,joyurisolo,6
16498,Machistu,9
16498,Aaravishere,10
16498,TyroneOG,9
16498,DadangHikman10,7
16498,ZillerOLDKA,9
16498,omqrl,10
16498,S4murayJLR,8
16498,EnvoyOfWeebhood,10
16498,Mattttiii,10
16498,ivanayu,7
16498,Gent2G,9
16498,Thessaly,10
16498,LippaiVirag,10
16498,romeoooo,9
16498,karats5,8
16498,JoTaroPHX,8
16498,misanor,7
16498,Lord_Nightshade,7
16498,Ao-san,9
16498,DivineAaron,9
16498,GhostNinja123,10
16498,evistin,10
16498,Esteban-19,8
16498,Yassinn_09,10
16498,Ktzuyka,10
16498,Mario3573,9
16498,rEtsEc,8
16498,carpotaku,9
16498,Oelendra,9
16498,Chevalric,10
16498,hellmaster559,10
16498,Ice_Scream__,8
16498,catlover2020,7
16498,jellybeeeeee,10
16498,Kirito388,9
16498,NatalieChipana,10
16498,TheRealIsaah,10
16498,cloudj_91,6
16498,Pabluuues,9
16498,nadia082521,8
16498,allhailking,9
16498,Oneline,7
16498,ZOD1S,8
16498,Jessegt15,6
16498,Karricjusz,3
16498,JackSp,9
16498,Narumi06,9
16498,Sanath121,8
16498,Asteida,8
16498,stephmapan,8
16498,Oishi_Samurai,8
11757,MasterOBenwan,7
11757,Edward-hooman,10
11757,Bobby_S,9
11757,Grafgurke,7
11757,Mullie1,6
11757,giochimosti,9
11757,Sephiks,6
11757,Aurimelis,9
11757,ismail18,8
11757,Solarlol,10
11757,Kiray7498,7
11757,Leonard_Teoh,10
11757,D4rkButt3rFly,7
11757,Monedero,8
11757,Animeboistho,9
11757,DaveyBoii,8
11757,Eidorianpin04,5
11757,goldenkirby21,7
11757,McApplez,7
11757,Rofelvo,6
11757,InspectorVector,7
11757,fortdan,5
11757,JamesPlaysGames,6
11757,Psicosacc,9
11757,Raul_mm,9
11757,Briettah,6
11757,xdMacs,5
11757,XmR97,5
11757,enzoo_gr,10
11757,Agustusmax,6
11757,181293,10
11757,proeras,4
11757,jisatsu11037,4
11757,kallocarina,8
11757,Sadsounds,5
11757,Geo-sensei,9
11757,Akiradiarra,7
11757,Flambo_,6
11757,SillyNugget,10
11757,Susiprinsessa,7
11757,Chikari_Tomoshi,7
11757,vijay99,7
11757,addara,7
11757,H4rume,7
11757,VVValph,8
11757,Pika22YT,9
11757,Katarsi,8
11757,raj_dwivedy,6
11757,Rashedmhm,8
11757,Mdkmudassir,9
11757,Benchix12,7
11757,Dbreezo,5
11757,Memoriality,9
11757,4rtyy_,8
11757,LiaWinter,1
11757,HSASA,8
11757,_Karolekzplr_,8
11757,AmKarim,8
11757,Tadaronne,7
11757,JaydenR17,8
11757,taetae123,9
11757,T0N1R,3
11757,MunchkinPi,8
11757,Maianhho,8
11757,Fahrenheit77,7
11757,xEminX,9
11757,karma7z,9
11757,LznucrsFrank,8
11757,Phoenixcry,7
11757,Blacksheep75,4
11757,danielkoetsier,6
11757,Trikxel,10
11757,kyseenalainen,7
11757,Lmafo,5
11757,Bryan_Amadeus,6
11757,Thomasdamodar,9
11757,LilDon,9
11757,sharpknives,7
11757,Allodet,9
11757,raibono,6
11757,LelouchBolado,8
11757,VINIYEAH,8
11757,OS_Fenix,8
11757,MAbRas15,10
11757,Dezzzu,7
11757,sneaX33,6
11757,Xallion,6
11757,Abdullah_Sayeed,6
11757,david0307,8
11757,Animeweeb2005,4
11757,Aimi03,7
11757,Collsaur,8
11757,Punk_Weeb02,7
11757,BungouSr,8
11757,Brentith,8
11757,hossein75rn,6
11757,hanabata-ai,4
11757,brainlessOtaku12,7
11757,orchidjack,9
11757,Muhammad_Azam04,4
11757,Rescuff,8
11757,pastellineex,8
11757,DevilAwal,7
11757,Ronay58,7
11757,GirlBeenWaited,3
11757,Ikerr03,10
11757,nicolananas,8
11757,Butterstick95,7
11757,Deliyah,5
11757,Reaperlee,3
11757,tsukimi1407,7
11757,Cameronminor,4
11757,Kanehira,7
11757,TheBoredMan,8
11757,dax20005,9
11757,RuiRuiRui,8
11757,Joker_g204,7
11757,Lox369,5
11757,BornoftheBlood,6
11757,jazoneblaze08,9
11757,Ryu1107,5
11757,Sn0pek,5
11757,kassarnouna,5
11757,FatSuki_Subaru,9
11757,Jattforce24x,8
11757,KaiXKI,8
11757,edge123,10
11757,lebawra,9
11757,lolifilico,4
11757,viktorpank,9
11757,ii7moodUAE,5
11757,oazuz,1
11757,yameroochan1,8
11757,hitsuji_,7
11757,Stazaky,3
11757,DOALFIKAR88,8
11757,iit0,8
11757,aKort,8
11757,dvbnic,9
11757,TBR,10
11757,NoobRenzu69,10
11757,RaMiras,9
11757,Avocato123,6
11757,IgXerx,6
11757,Hirilucky,6
11757,Sapitties,10
11757,Nacs,6
11757,KingIco,2
11757,Onesimus01,10
11757,RedOX-gEAr,7
11757,Doksu4,8
11757,crabhattedtwat,5
11757,FluffyGuest,10
11757,shokrok,6
11757,dildomar,7
11757,syphdias,10
11757,xzkyeom,7
11757,I7m4e1,9
11757,TheShichibukai,8
11757,Shubhamr0y,8
11757,jinjacocobread,6
11757,KoByT213,8
11757,KingJaize,8
11757,gidem,4
11757,dondache,7
11757,Bredron,10
11757,ThicccOatmeal,6
11757,sush1ismysenpai,9
11757,xnmng,3
11757,CheesyBEAR,6
11757,Wish_I_WasAsleep,6
11757,P3TROOS,9
11757,Mandac_angelo2,8
11757,Quioia,6
11757,TheTrueDragosin,7
11757,Rykzo,7
11757,Tsola,9
11757,nikdod2304,9
11757,Shubhamroy,10
11757,ALBEROLUBBIANI,7
11757,Cuboid_ARu,7
11757,Sancheys,9
11757,Kukiez,6
11757,sinkopet,9
11757,ahmvd,7
11757,Bencikonflik,10
11757,Kyeshiro,4
11757,Drammer,9
11757,IceKiTTy,7
11757,Manjotsingh,9
11757,kubamik1234,5
11757,lethryon,6
11757,V01D1011,10
11757,Zubairwarsame,6
11757,Tyrepoi,6
11757,Hai_Kyle,7
11757,Erick_VilhenaP,9
11757,Yoobebe,9
11757,IamChrollo,7
11757,PenZyChan,10
11757,Reiri8205,9
11757,Arkann,5
11757,Sirrullah,7
11757,erishdave23,10
11757,Aakrit_sigdel,7
11757,FlameOfFury,10
11757,AngelRayz,4
11757,theworldoh,8
11757,Somorita,6
11757,Ghouldae02,7
11757,ALKHALAF420,8
11757,STrottsky,6
11757,RoeJogan,3
11757,StarryNight26,9
11757,BlackHeart_Fakuu,4
11757,dragonstardust,7
11757,Kisteki,10
11757,andru_irony,1
11757,DegenerateSimp,8
11757,Kneeee,7
11757,ultramewtwo,6
11757,Pepskipepep,8
11757,pedalaDoizeci,9
11757,__squilliam__,9
11757,Kataruki,8
11757,Joete,9
11757,ShinaMashirotheb,10
11757,RandomUser251,7
11757,UwU_potato,7
11757,Hunter51,8
11757,mikaelcg,6
11757,hairystiles,4
11757,Itachiappy,8
11757,Ancheetos,7
11757,Neonphoenix1,10
11757,PlainAmateur,5
11757,Zouro,6
11757,mohammedparuk,10
11757,Akkame,9
11757,Ryzeznikh,9
11757,Wyohming,6
11757,CJtheHobo,9
11757,RhianV,8
11757,Camendez20,7
11757,Basztuszek,10
11757,RektCookiee,7
11757,LYJ_MuJiu,9
11757,myordinarylife,3
11757,Night-Fang,9
11757,xXKitKat99Xx,4
11757,peachyixxy,4
11757,Jody_Senpai,10
11757,samooraiccj,4
11757,GiulioLinhares,5
11757,gunnawunna,6
11757,Kjaerman,9
11757,Lionking5098,5
11757,Teji_,9
11757,GabiriruSTDoctor,10
11757,ashes_k,8
11757,LunerPanda,9
11757,Salemous,8
11757,_cha_ang,4
11757,Neamul,8
11757,sweppu,6
11757,Bravotwonine,10
11757,vichpz,7
11757,TRIFTONE,8
11757,Spero7671,6
11757,ShadowViperX7,6
11757,sithgabe,4
11757,MattRam,7
11757,jusanaverageweeb,6
11757,animenigga1,8
11757,PugAnime99,7
11757,dacastro,5
11757,Logantheho,4
11757,Burger52,7
11757,Icrios,8
11757,Quan__,8
11757,Mossyh16,7
11757,AtlasBreaker,6
11757,ConanSuzuki,9
11757,_bluezz,4
11757,Pingnig,9
11757,rachanimelover,9
11757,SatiricalFever5,8
11757,SpeicalRooster,10
11757,Reaqwq,1
11757,HariChandiran,6
11757,Clem0,10
11757,D4NgEr24,7
11757,CatDunbar,5
11757,Cillie,4
11757,bentl,2
11757,Mothramoi,5
11757,Magyn,5
11757,CheesyB,7
11757,ichirolean,10
11757,White12355,7
11757,ZeroTwo31,8
11757,ntbkillz,9
11757,gypsyman9000,8
11757,delilian,10
11757,RoyalKing,10
11757,riariakim,7
11757,Mohammadtjji,1
11757,ThatRandomGuy137,10
11757,MAMBIRA,10
11757,kostiashka,2
11757,Abhishek_shakya,9
11757,leticiabeah,7
11757,mntgrnd,7
11757,Intimate_Lotion,3
11757,Timberpine,6
11757,AschTheBloody17,8
11757,Notnoonefamous,4
11757,BfCoD51,7
11757,ste0113,7
11757,Woelfchen_,7
11757,N4N4CH1,7
11757,Noothz,8
11757,Captain_dyslecia,6
11757,Nemurunai,9
11757,aldafb,7
11757,O_O---,7
11757,zaraloko,5
11757,Impulzz,7
11757,LewdTissue,8
11757,bryantf,8
11757,hotdogwaterer,6
11757,ElPPirula,5
11757,vnbar,6
11757,OshawottDaBoss,8
11757,Ellipsiss,9
11757,Kanade_69,3
11757,samuraichac,7
11757,KaiserWulfen,2
11757,josh21,8
11757,Kendysse,8
11757,kageyamasmillk,5
11757,cryptid_doe,2
11757,Shmondo,10
11757,weebunion,4
11757,Vydz01,2
11757,Dieg01101111,7
11757,Camp102607,8
11757,ArdySama,9
11757,crasher495,6
11757,ek1lumi,7
11757,Maximus_Demon,8
11757,tyjoey,6
11757,arsvitacyj3,6
11757,Quaffles101,5
11757,Zeroing202,7
11757,slipperylolipop,8
11757,SugarBlossom,5
11757,Jhuann_737,5
11757,Fareon333,7
11757,Abe00xxiii,9
11757,NoLuvSumoh,4
11757,Noodlbowl,5
11757,glacr777,7
11757,OtakuInaHoodie,9
11757,GaGex,9
11757,JustKzen,10
11757,Fallere352,7
11757,mvpeterman,10
11757,Catocuck,10
11757,Ruanituru,6
11757,Riririn_Garnet,7
11757,tatenbake,9
11757,Anaiimez,9
11757,BongoKong217,3
11757,ErpErp,6
11757,KASpR07,7
11757,Nak0ss,4
11757,Affaraa,8
11757,qihuichenn,7
11757,Kratos_16,5
11757,arthurdzwieleski,5
11757,Alice_Ntr,8
11757,Ryuu18,9
11757,T_U_B_,5
11757,GJ,8
11757,JesusPenguin,6
11757,netherboy23,6
11757,maxgamer130,8
11757,sonic2676,8
11757,mifunescumslut,5
11757,JustANiceDick,1
11757,jvstrxd,7
11757,Bango69,10
11757,NoodlePie,5
11757,danilooca,9
11757,Diam_Raina,3
11757,Kod4,8
11757,CCarrMcMahon,8
11757,El_JOHANES,7
11757,Umqualquermn,8
11757,SkullyOak309,8
11757,liam272,8
11757,ard0,3
11757,Hoshiko-san,7
11757,Nevuyah,10
11757,Janickaa,9
11757,sniperphora,5
11757,Thot4jojo,4
11757,Shamecube,5
11757,Hezuni,7
11757,Mikupro28,10
11757,MaxBean,6
11757,Russell1047,8
11757,TheLastWhisper,7
11757,AshBWeebin,10
11757,EasyTengu,7
11757,Crackudo1337,4
11757,DARKGMM,8
11757,AraAraShinobu,10
11757,NikoRovelli,3
11757,DekusSplitEnds,6
11757,Charrrrr,7
11757,Volcanowo,5
11757,DatBoi_Dave,7
11757,ORochaedgy1,10
11757,fishbones242,9
11757,bfm837,7
11757,Skill123,9
11757,mayiv,2
11757,Luchotii,10
11757,sasukeuchiha0107,7
11757,mijel,3
11757,franinator,9
11757,Ti_Blond15,10
11757,Pipiri,8
11757,mxphantom1,9
11757,Umbra987,7
11757,CaptainLazer11,4
11757,pepe0po,10
11757,HammieBoi,7
11757,steqasaur,8
11757,rvben,6
11757,raisuwaifu,1
11757,Ralord337,8
11757,Flawless_Taste,6
11757,RogueUCHIHA,8
11757,jennymyfrenny,10
11757,LynxitoWo,7
11757,Digo9000,8
11757,GreekMyth,8
11757,flavioc41,10
11757,Goldthing1,5
11757,lemonaids23,4
11757,BigHatEltrix,4
11757,bugatti_gurl,9
11757,LordZaroto,5
11757,Crixus_V2,5
11757,Lucas_Rodriguez,3
11757,YoshiZ14,7
11757,Koomongous,8
11757,Saijaku288,9
11757,Felkk,7
11757,VERSE-_-,7
11757,Eleos7,8
11757,Heinzeber1,8
11757,Animimoo6321,7
11757,Supr-yt,8
11757,championStreak,6
11757,Shoukki,3
11757,de_gen_er_8,4
11757,DeftSalt,7
11757,Serjiox,8
11757,lxvelyangel,8
11757,ortacyn360,10
11757,dluiscosta,10
11757,pxdrooo,8
11757,rinshikou,6
11757,GuilhermeDiniz14,5
11757,nxvela,7
11757,FreelyViben,9
11757,froggospoon,3
11757,soraalicefag,8
11757,DaemonicFire,6
11757,SpaceRobotDino,1
11757,Andlu87,7
11757,DramaticDrummer,7
11757,affit,9
11757,Boruma,7
11757,ALLENADERS,9
11757,RyuryuMaiF,7
11757,hij0x,6
11757,shherns,10
11757,Vanpaio,4
11757,Keiwo_,9
11757,1mythical,7
11757,artsyazngrl,3
11757,ronnieima,8
11757,Caladiel,8
11757,LarryKLV123,9
11757,EstMalleolus,2
11757,aobara,10
11757,ITAMI83,4
11757,TiahKina,7
11757,Meru3,7
11757,jtepyan,8
11757,Beezuo,5
11757,narduo12,4
11757,byRazZeeR,10
11757,Todi02,7
11757,TheSama,7
11757,jayt4509,5
11757,MagaMag,8
11757,Yamcha2001,8
11757,Yaeger70300,9
11757,Hdysndnfixk,7
11757,SpektorX,5
11757,technotooz,5
11757,Yessir69,7
11757,Innovade,5
11757,Mache9,5
11757,DroWsy0,4
11757,Honeymilks,5
11757,bunniibabie,5
11757,imBuzzy,9
11757,HaremKingJunaid,6
11757,NIKO-NIKO-NI,8
11757,Jordan913319,5
11757,Augustin_b,4
11757,bruhmetheus12,6
11757,etinxD,6
11757,BaBaJ,7
11757,CrazyWeabo105,9
11757,ImYayb,8
11757,Maldeojo,7
11757,monochrome009,1
11757,BlueCrusader57,5
11757,KATANAO,9
11757,BboyWillem,9
11757,kiwee120,9
11757,Kurnia15,6
11757,GodAkira,7
11757,reirapo,7
11757,Fastrings,8
11757,Risebelll,4
11757,Lovelessrockstar,7
11757,yuriosimp,7
11757,HolyShadow181,10
11757,ChronoXlll,7
11757,RoriDan,6
11757,pedroascensao99,6
11757,foxdog178,9
11757,Araki_Worshiper,5
11757,muuntaja,7
11757,NyneLol,2
11757,Shelfish404,5
11757,TheInformer,1
11757,Mary_lolita,9
11757,limetka_,7
11757,PhilJap,7
11757,Cat_Trash,7
11757,YaminChan,7
11757,GARLOD,9
11757,CammyUWU,5
11757,MoonLi,4
11757,Eluent,6
11757,Iammrexp,6
11757,Jakehelms375,8
11757,Sakura_Akabane,9
11757,MessiYellow098,2
11757,SK_41923,5
11757,eferen1606,10
11757,Jeanlucca,8
11757,yRihito,7
11757,iwantfrogs,5
11757,Matthew_Uchiha,10
11757,KYX176,10
11757,wafabig,6
11757,joife0vue032,6
11757,AnimeMaidExpert,6
11757,SPLOOFLE,4
11757,dtfykgl,3
11757,NotStunz,6
11757,CykaZero,6
11757,youthinkrose,8
11757,grimmjow_chan,7
11757,bbqcheeseburger,7
11757,MAIdylan,7
11757,yongschnee,1
11757,rekreant,6
11757,Mob-san,6
11757,Thelander,7
11757,JaydenDaLilSnail,3
11757,JohnatinJoestar,5
11757,Ceutkss11,4
11757,Tsunny57,7
11757,pakofiestas69,6
11757,Shio_Amaya,9
11757,JustinVA,10
11757,containment13,5
11757,Co3co,10
11757,SHjiwani,7
11757,ThisIsWeird14,10
11757,SaadRT,8
11757,lunchhh,8
11757,NerdyTable,1
11757,ShogunRackulous,4
11757,_scar,7
11757,SkypiePl06,10
11757,Xenmi,7
11757,Dodds,7
11757,poradic,7
11757,alexandre18,9
11757,PariLino,7
11757,Smwl_Otaku,8
11757,Exulandria,8
11757,Patasdeganso,7
11757,Vincenzo1408,6
11757,D4bby,4
11757,Anvion,8
11757,Guilnoel57,9
11757,S4CRIFICE,6
11757,Hisoka013,1
11757,vividskies,4
11757,sdesandramz,8
11757,MrHokage,7
11757,mekazuchi,6
11757,ossmaan,5
11757,Shelmor,3
11757,Conflictive,6
11757,ncj123456,8
11757,xx_Soul_afk,9
11757,Mati977,3
11757,AiyuY,10
11757,TheElusiveDragon,6
11757,deliSITKI,5
11757,ItzNeito,9
11757,Toell,9
11757,Nuk3_Taner,10
11757,killuasbitch,5
11757,Ageu38,7
11757,YuRatheSLOTH,7
11757,DivineJudis,7
11757,majin2va,7
11757,BlueFire07,9
11757,Ali_mtasa,8
11757,_LilyKitty,7
11757,bluepsycho65,5
11757,cinnaa-bummy,4
11757,NielsApp,3
11757,drewisbad,6
11757,SuryckTheOne,9
11757,Livejack007,6
11757,MrDodoCZ,8
11757,AndyVV,10
11757,Harpan,5
11757,ElSkyflyio,5
11757,wh3y,2
11757,Kur0k011,9
11757,ImGonnaStarveU,7
11757,1_SuperGamerOG,8
11757,lCondor,6
11757,WarsinL,7
11757,MightyLepo,7
11757,misxtorie,7
11757,jackschneider,9
11757,Kamikaze98,8
11757,jo_kil,10
11757,Fring2910,10
11757,Silly_serenade,7
11757,UpwardCurve,9
11757,GBRL132-,6
11757,DasBambusrohr,10
11757,jqsmine,7
11757,Wollnapkins,4
11757,HAFlat,5
11757,SatanaelP5R,9
11757,Somak,5
11757,Neo_Spectre,5
11757,Doctor-Kage,9
11757,WaterCloth,7
11757,cantalia,7
11757,00Aleh00,4
11757,Gerson_88,7
11757,GTarrao,10
11757,Max991,7
11757,Kirra69,10
11757,dkcu,7
11757,yuulo,7
11757,Mzak24,8
11757,Miiniboot,6
11757,squola,6
11757,xdiegob,9
11757,ShadyTheFlower,9
11757,hola_anna,10
11757,ShadowChuuww,6
11757,PugSenpai,5
11757,Joaosamleao,10
11757,smolgoose,5
11757,Ianthesleepyhead,8
11757,coolboikerokero,7
11757,_Nikita_,7
11757,JoTaroPHX,6
11757,SugerSenpai,2
11757,alex_margain,5
11757,edward4028,6
11757,Sakata_foriez,8
11757,WeebOverLord69,5
11757,joyurisolo,8
11757,What_a_drag7,6
11757,Daiyusha,8
11757,samver,3
11757,Fifia1010,7
11757,Tusginx,7
11757,JackSp,6
11757,misosenpai18,6
11757,SaberRyner,7
11757,Andicus,9
11757,Kentaro24,7
11757,ponyos0,6
11757,triviest,4
11757,zackattack25,7
11757,MiraiSakuraChan,8
11757,Kiggami,7
11757,hubbabubban,5
11757,Oudhav,9
11757,Vichikkk,8
11757,SoulSwoosh,8
11757,anzaisenpai,10
11757,Jackzerotwo,8
11757,Machistu,8
11757,Honlan,9
11757,vilqu,7
11757,Daria_stefania,9
11757,Arip_,7
11757,ameliaheartfilia,6
11757,Aaravishere,9
11757,sandwichyo,7
11757,f_felix,6
11757,keytsune,8
11757,RoramPK,7
11757,Nani_Main,7
11757,Gimney,6
11757,Jskrabak,10
11757,ThisTrashPanda,6
11757,Santiago_927_,6
11757,Lord_Nightshade,5
11757,DerSpezifisch,6
11757,jellybeeeeee,6
11757,AggelosKiller13,9
11757,Datboi_Chuckles,7
11757,WaterDog47,5
11757,Starryie,10
11757,Horny4Rias,9
11757,Tahurocks23,4
11757,ElfteLicht,8
11757,ktanthony123,7
11757,Oneline,6
11757,HvitVarebil,8
11757,ZOD1S,10
11757,Navim_Silver,8
11757,leeyamne,9
11757,vukikio,8
11757,Pabluuues,6
11757,Gunthus,5
11757,WaffleClips,4
11757,Blazecuna,8
11757,glekser,9
11757,NGJ_,2
11757,Alucardh,9
11757,PickleJoestar,7
11757,owlnyx,4
11757,F4Z,8
11757,ZekkenorKaguya3,9
11757,Pepstiroe44,6
11757,stephmapan,6
11757,POSEID0N99,7
11757,Clarity2019,9
11757,ZillerOLDKA,6
11757,Raishisho,5
11757,Linkio,4
11757,Calaca,10
11757,Kakashi_RVH,6
11757,Partyhouse003,8
11757,GroggyGosling,7
11757,Useless_Can,6
11757,Nebulouse,9
11757,ultkousei,6
11757,Since2win4,10
11757,omunex,7
11757,nivupai,4
11757,TheNush,5
11757,Tomayuli,7
11757,mohandation,10
11757,ArviDr0id,7
11757,Tutututuuuu,9
11757,Anamiojo,4
11757,Steinful,4
11757,Hidranick,6
11757,romeoooo,8
11757,Mauriciocyres,4
11757,jasmeanie,6
11757,nergiganter,8
11757,M2BUU,6
11757,Rumotamotenazhi,7
11757,KiyoiNara,6
11757,pukachi,5
11757,Fin-S,4
11757,hastur01,3
11757,vampir3z,1
11757,BobF,7
11757,zambombaz0,6
11757,splasheyyy,8
11757,bonsaibaby,2
11757,Miyanosweebery,8
11757,Milkizin,7
11757,ajkristen,7
11757,RedEclipse347,6
11757,Alexismill,5
11757,Sgt_Lix,7
11757,Saharhusseini,7
11757,annikam,8
11757,MiszczuNiszczyV2,4
11757,CelineAkia98,6
11757,Rainbowcoult1234,4
11757,animator2k,6
11757,R3KeRoni,7
11757,darkknightbrs,8
11757,iipeachie_png,9
11757,JasonArcKrulcifr,9
11757,Alkino_Guapo,2
11757,KopfDumm,8
11757,BigJimmy32,5
11757,Qt_Kuro,2
11757,edw6rd,5
11757,exzachtIyright,7
11757,Xx-Suicidal-Xx,5
11757,Catslover8,9
11757,Bak3mon0,9
11757,iceace41,6
11757,destebal,8
11757,ChivalrousPimp,5
11757,edonnn,6
11757,Sakurami-chan,7
11757,Kadavru,9
11757,edge_lord2319,6
11757,Greg12345,8
11757,xJuse,5
11757,Raumeusz,6
11757,joey-dev,9
11757,Edoga12,9
11757,Dalia_,7
11757,YungMulanBaby,6
11757,yoogukv_,7
11757,Beal-,6
11757,Kowstoff,7
11757,Eduardoonepiece1,6
11757,misanor,4
11757,off_Haze,6
11757,jigabashi,7
11757,Bigmonkeyman,4
11757,Anovi7,4
11757,Ef_Elle,7
11757,RyozakiAkira,6
11757,elinowhere,8
11757,Dyamshonn,2
11757,Mauricewlk,9
11757,AntaeusLeviathan,8
11757,rayyanyusuph,2
11757,ThorviBritannia,9
11757,kavimoo,7
11757,ARW05,5
11757,FoxyBoss666,10
11757,mrv9,8
11757,Aphasic_MAL,8
11757,DrunkenBen,7
11757,Lolek5002,8
11757,GeorgeB04,7
11757,Orenda777,7
11757,ORG4N1Z3DCH4O5,6
11757,Maroy,7
11757,Bandrich,10
11757,King_G,2
11757,aspranav,10
11757,givingcube,5
11757,Sukimejo,6
11757,KunoRex,7
11757,xdSmerky,8
11757,ChocoKev,10
11757,ArmyWeebBcWhyNot,6
11757,WatchAc,7
11757,AmobiusV,6
11757,WeebMAnyes,7
11757,tsukunashi,6
11757,jeff2020,7
11757,SaltyGrapes,8
11757,RomanLaty,6
11757,Pugnacious_Pug,4
11757,Dray201,9
11757,Lopes44,3
11757,PokeMaster843,4
11757,Lil_Moe,3
11757,hunter0506,7
11757,natsuyas,1
11757,TiasHopHop,5
11757,frosty51093,9
11757,Tae0912,7
11757,aavuk,9
11757,Zayn-sama,10
11757,cornelizz,7
11757,CaXi__,8
11757,MD_TH,6
11757,mynabeli,7
11757,iseewhitefox,9
11757,Plasmids,6
11757,pozdnakov,8
11757,Vitonic04,9
11757,Foxtrot-Kun,7
11757,Lucifer013rst,8
11757,burnnbby,7
11757,NarumiNifuji,4
11757,Mordredd9,8
11757,dreary13,4
11757,Bubbles1512,7
11757,Allucid,6
11757,nightgirl_,9
11757,gerudic0,7
11757,ninjaxd360,7
11757,Kabelo12,9
11757,LukeDerHansi,9
11757,heheawfeam,7
11757,EliseMioda,1
11757,Baxsterx,10
11757,Gustabokkk,7
11757,Caduzim,8
11757,Fusionfan,7
11757,Millxana,8
11757,PersonaSOLO,6
11757,0scr4k,7
11757,Sadmankhan35,9
11757,sleepyboi90,8
11757,Xrayou,8
11757,Avionpenguin,8
11757,Edga-Sempaiii,9
11757,regular-watcher,5
11757,Rararachmadilla,8
11757,mingwho,7
11757,aloisiocranio,9
11757,InTeNsiV,10
11757,Moti-Moti,6
11757,johnkayiv,7
11757,Kanmuruu,8
11757,Toohka_V2,6
11757,DewMewMew,9
11757,Ob99rmdi,6
11757,Yuuki_33,10
11757,schinkenzebra,6
11757,DesolatePsyche,10
11757,Edil32,10
11757,izzie_yay,6
11757,ewan_escano,7
11757,fluffybumbum,2
11757,Kitsuneace,8
11757,kryksh,3
11757,LeMiza17,7
11757,Snexh,8
11757,frostyYui,9
11757,Likfrid,9
11757,blaxxky,8
11757,coolkid696969,6
11757,Mubasher,8
11757,Mr_melon69,9
11757,Pikaac,9
11757,NotCombi,6
11757,NibbaD,7
11757,Guyde,9
11757,WeiJieCai,10
11757,SmitKicks,10
11757,HuskyLover269,7
11757,Sorndaise,6
11757,nadiag,4
11757,curlymillers,9
11757,Whydoicarre,7
11757,angelwaifu,4
11757,Emiya7777,7
11757,Lueen,10
11757,FYZZY22,9
11757,Njena,1
11757,justanalice,9
11757,LambertsLog,9
11757,LagDan,4
11757,Gust006,9
11757,Telox,8
11757,Chino927,9
11757,Rat_race68,7
11757,IlicP,8
11757,Rhys99,9
11757,dragomin,6
11757,Crimson22Beard,8
11757,KryztaX,7
11757,MXBPSYCHO,8
11757,Lazyboyzz,6
11757,nogi22,10
11757,Timtheplayer12,4
11757,G0kuWF,10
11757,LorisAckerman,8
11757,Stargeard,5
11757,Mimi_hokage,6
11757,BlitzZ141,4
11757,x_Hachiman_x,10
5114,Mikeop,8
5114,Kiray7498,10
5114,Dreamsercher,9
5114,Milev,7
5114,Kalkean02,10
5114,Flora_Moonie16,10
5114,SaiyanExplosivo,8
5114,ChickenBoy,10
5114,ravien15,9
5114,Timotejko,8
5114,Kise_20,10
5114,BDU4,10
5114,GohanP,10
5114,lalalaThomson,9
5114,Schnitzel_Tivol,9
5114,InspectorVector,7
5114,Psicosacc,5
5114,Surik_Arutinov,10
5114,LouayRH,9
5114,Ahmad134,7
5114,madnanfr,10
5114,mmehedii,9
5114,xdMacs,8
5114,Sakxambista,10
5114,Hbtommer,10
5114,Joelss,10
5114,kaylaberry,10
5114,Psicosacc,5
5114,Surik_Arutinov,10
5114,LouayRH,9
5114,Ahmad134,7
5114,madnanfr,10
5114,mmehedii,9
5114,xdMacs,8
5114,Sakxambista,10
5114,Hbtommer,10
5114,Joelss,10
5114,kaylaberry,10
5114,Krons35,8
5114,enzoo_gr,10
5114,Jonathas666,9
5114,CharlesFonck,8
5114,NWDemolition,10
5114,tom_cooper4,9
5114,RagentFly,10
5114,Patte-chan,10
5114,Ragnamonkey,8
5114,vijay99,8
5114,linna2709,10
5114,AsmodeusNero,9
5114,Flambo_,9
5114,Afonfon,9
5114,Vinossauro,10
5114,LeviOpbolte,10
5114,Raqib_Ahsan,10
5114,Non_Nons_,8
5114,raj_dwivedy,10
5114,amgry,10
5114,hyacintha,10
5114,gqj0069,4
5114,Mertheas,10
5114,NUNUM,10
5114,mysergius,10
5114,UfotableHachiman,9
5114,Artiicuno,9
5114,tdangie,10
5114,animeizboring,10
5114,tjeebook,8
5114,Nectok,10
5114,RaidenProtocol,10
5114,Aimi03,7
5114,danielkoetsier,7
5114,Hallel_ch,8
5114,rajeious,10
5114,Xallion,9
5114,Afmoot,9
5114,RaijinKaito,9
5114,giuseppe05,10
5114,Dezzzu,9
5114,MAbRas15,10
5114,agentcs6,10
5114,Kaffos,8
5114,Animeweeb2005,9
5114,AthenaLorena,10
5114,_-Abdullah-_,10
5114,Triplexx,9
5114,Evil-10,10
5114,rxbass,10
5114,Sadsounds,8
5114,Drawing_with_Ore,10
5114,Symphysis,9
5114,Wendigo35,10
5114,Acitrusfriend,10
5114,ondradoksy,9
5114,MihaAndJ,10
5114,Cameronminor,8
5114,jazoneblaze08,9
5114,shayebof,10
5114,shashwat2001,9
5114,Dion457,9
5114,bombster009,10
5114,SadBoyMax,6
5114,Blacksheep75,9
5114,fliee,9
5114,Willsterito,7
5114,Lox369,10
5114,cmglsltnkyhn,9
5114,TeardropT-T,9
5114,TheTerr4,7
5114,AdarshCJ,10
5114,KaiXKI,9
5114,goodjudge_1331,8
5114,iit0,9
5114,Mulletcap,9
5114,Marcusg13,9
5114,ColdPizza,10
5114,Carrahar117,8
5114,kurapika_k,9
5114,langu,8
5114,RaidexEvil,9
5114,His0ka_morrow,10
5114,Adrisku,8
5114,hitsuji_,9
5114,Airell,9
5114,Shampolo,10
5114,ashov,10
5114,Muaaz_K,9
5114,ShredSavage96,6
5114,Magmanat,10
5114,MajaMizukage,10
5114,Lmao_LG,10
5114,d6fh4x,8
5114,syphdias,7
5114,ste0113,9
5114,JazzSlign,9
5114,xzkyeom,8
5114,FurySco,10
5114,qiy123,10
5114,SkrilloVFX,9
5114,KingJaize,10
5114,Tehol_Beddict,10
5114,Butterstick95,8
5114,Halbos,10
5114,IcyMasterFive,10
5114,Poien,10
5114,King_AssassiN24,10
5114,Jay_Lennie,9
5114,4n1rok,10
5114,_nick__,10
5114,Hadi74,10
5114,lemonpiercer,9
5114,Trampa,10
5114,Spotterd,10
5114,Mandac_angelo2,9
5114,windpinkler,7
5114,Tadaronne,8
5114,moozooh,9
5114,reibestevapilot,10
5114,kevinzxc,9
5114,Pandababies007,8
5114,Maritov,9
5114,2Quack,9
5114,xRealSven,10
5114,ahmvd,10
5114,Eseiliuwu,9
5114,Yoshef157,8
5114,electrekid,10
5114,7ds_wrath,9
5114,chabzzter,10
5114,TonyBloney33,8
5114,seanvanime,8
5114,Page_One,9
5114,sezan99,7
5114,MrHellwing,8
5114,Zubairwarsame,9
5114,MantaBlue,9
5114,ItzSlown,10
5114,Cuboid_ARu,9
5114,Tyrepoi,6
5114,Seori69,8
5114,possumsonly,10
5114,Yapparianime,1
5114,Tian-samaaaa,8
5114,Laurlaurentiuu,10
5114,OtosakaMo,10
5114,Overander,10
5114,Uatanani,10
5114,srahkmli,8
5114,biggerbelly,8
5114,yesbocchan,10
5114,Darklorddreo,8
5114,ThatOneUser,10
5114,nightwing_598,8
5114,Ephraim_Renais,8
5114,alchemist1207,10
5114,tungkirman,1
5114,Aceinate,9
5114,lethryon,10
5114,RoeJogan,10
5114,AngelRayz,8
5114,Tinilovic,10
5114,0Ichika0,10
5114,Leenthetrashcan,8
5114,keisan69,10
5114,Shazam_im_farhan,9
5114,Detroper,10
5114,xXKitKat99Xx,8
5114,OTKGRIM,10
5114,IcyDog99,7
5114,Grimes2002,8
5114,SyedGintoki,10
5114,Kataruki,8
5114,eggoinspace,8
5114,animegarcia96,9
5114,sassocrates,10
5114,Itachiappy,9
5114,Metze,9
5114,NeoGod17,10
5114,MohafaOtaku,9
5114,IamChrollo,9
5114,PB_and_James,9
5114,NeilYo,10
5114,wellington120,10
5114,Iguerra99,9
5114,Muffinintendo,10
5114,Gorskrilla,9
5114,IamGummy,9
5114,ultramewtwo,8
5114,Jattforce24x,8
5114,memeson,7
5114,RayneEe,9
5114,Kashi_83,8
5114,EdwardElric2002,10
5114,Zachary1110,10
5114,MarcelaPazTG,9
5114,Stark101010101,10
5114,Wicerradien,7
5114,TheFlash11033,7
5114,4inchesisaverage,9
5114,Maja5915,10
5114,ErzaSenju,10
5114,jasonon12,8
5114,Laninha123,3
5114,ThisIsZaWarudo,10
5114,RiptideRush,10
5114,josesuma,10
5114,rustybucket498,8
5114,Saundrob88,8
5114,Lily452,6
5114,GiulioLinhares,10
5114,Chinz5k,9
5114,RektCookiee,10
5114,KANEKI87954,10
5114,Neamul,9
5114,ashes_k,9
5114,Mangahorse,9
5114,Tabir_,9
5114,Agentx49,10
5114,ConanSuzuki,10
5114,Playhacker,9
5114,BweebyB,9
5114,Taaran,8
5114,xLaz,10
5114,LunerPanda,10
5114,Jvvelozo,10
5114,Mossyh16,10
5114,TRIFTONE,8
5114,Burger52,9
5114,Burger52,9
5114,Wyohming,8
5114,Roryyyyyyyyyyyyy,9
5114,Mothramoi,9
5114,WayTooMuchSeries,10
5114,LonelySabishii,9
5114,EvilByte,10
5114,YungDweeb,9
5114,Arkann,8
5114,davidcrowley,10
5114,starwarsgeek,8
5114,SatiricalFever5,10
5114,maxiisama,10
5114,V0ex,7
5114,CheesyB,8
5114,Shoaibakhtar,7
5114,Pakito011,10
5114,Ramisa3434,10
5114,Zunderel,10
5114,DripFrosty,10
5114,TakeNe88,9
5114,Pastelhorse,9
5114,Cillie,10
5114,Icrios,9
5114,gypsyman9000,8
5114,Dark_tama_tama,9
5114,kek__no,9
5114,protatoez,10
5114,Notnoonefamous,10
5114,Steam_Tactics,10
5114,HariChandiran,10
5114,1aliraad,9
5114,O_O---,10
5114,Zero_Flames,10
5114,kennedyoliveira,10
5114,bryantf,10
5114,Spuzza999,9
5114,BfCoD51,10
5114,h0208,9
5114,demoonsnow,10
5114,Nemurunai,9
5114,Link_KD,9
5114,gandolphin,10
5114,nicholas_cfz,10
5114,jellyplantz,9
5114,OshawottDaBoss,10
5114,D33RG0D5,10
5114,N4N4CH1,9
5114,Aezi,7
5114,Rosiedan,10
5114,Branca03,10
5114,Amirthecool,10
5114,betymaster,10
5114,Ball_of_trash,9
5114,zaraloko,9
5114,Santaka,9
5114,StellaeSirius,10
5114,SquaredCubed64,9
5114,Bqs1126,8
5114,Luchia,7
5114,JCPnDa22,10
5114,Flyinglory,9
5114,ArdySama,10
5114,teikokukuromi,9
5114,YamiYukihira,9
5114,Timberpine,10
5114,Billiet,8
5114,ichirolean,7
5114,liquidiceblade,10
5114,crasher495,4
5114,edwinlol,10
5114,TinyChris,9
5114,Ratul4445,10
5114,Quaffles101,10
5114,TheSul,9
5114,morme,10
5114,PhantomFarrior,10
5114,KaiserWulfen,9
5114,Roulette007,9
5114,Gimbrelio,9
5114,zenX96,10
5114,pizzaduds,10
5114,Fareon333,10
5114,GaGex,1
5114,zideek1,8
5114,luluytj,10
5114,JuanPeloverde,10
5114,Maximus_Demon,10
5114,ek1lumi,10
5114,Zeroing202,10
5114,Dei_kacchan,10
5114,Konvana,9
5114,SoragatoSubaru,7
5114,UnkownAnimeFan,10
5114,loganfiol34,10
5114,tBoywithA,10
5114,Ruanituru,10
5114,cyber_coupe_benz,10
5114,arsvitacyj3,10
5114,B-ryDaTank,9
5114,netherboy23,7
5114,Norika100,9
5114,Shiro_Neko28,10
5114,weivy520,10
5114,Affaraa,10
5114,Nak0ss,10
5114,_alFREDo,9
5114,iamshuu,10
5114,Urenati,10
5114,MuktadirFreak,10
5114,DefNotThePope,9
5114,Johnny021ify,10
5114,Aonixia,8
5114,bkotaku,10
5114,noodlehn,9
5114,Crims_Anime,10
5114,dalilarr,9
5114,Diam_Raina,9
5114,BongoKong217,10
5114,oishson,10
5114,CarnageMatt,8
5114,DarkStorm24,9
5114,4mayas,10
5114,Fukoro,10
5114,knoxxiv,8
5114,Mory45,10
5114,CatDunbar,8
5114,Umqualquermn,6
5114,Liquidmaximo,9
5114,bruhhhhhh666,7
5114,D-and-N,9
5114,SteampunkHydra,7
5114,IAmEdwardElric,10
5114,manfruit,10
5114,SkullyOak309,9
5114,miokeru,9
5114,FalconChoke,10
5114,AnasOmarM,10
5114,teh_daisy,9
5114,Thot4jojo,10
5114,glacr777,10
5114,Rgwttyl,10
5114,aaronson2012,10
5114,dramorionjp,9
5114,spookyghost1616,10
5114,Workins,10
5114,mira-cchi,7
5114,K0bain,10
5114,Luxavia,9
5114,littlestrikerz,10
5114,Char1lizee,9
5114,Sockl3ss,9
5114,Laska96,10
5114,Mikupro28,10
5114,Russell1047,10
5114,DekusSplitEnds,10
5114,Nelio17,10
5114,lautarocujoh,9
5114,Killua_bb12,10
5114,ShiroKisaragi,9
5114,Bubba_13,9
5114,KASpR07,8
5114,RaxusPrim3,9
5114,aphoticpsyche,6
5114,lets32147,9
5114,DeadDog100,8
5114,Smoker245,8
5114,ard0,10
5114,asianmonk1998,10
5114,Beastmode24250,9
5114,REDD0G14,10
5114,EasyTengu,9
5114,MaggieWilde,8
5114,sasukeuchiha0107,8
5114,bfm837,9
5114,SanctionXV,10
5114,Sazid-Exe,9
5114,NikoRovelli,9
5114,rvben,9
5114,MasterMissingno,10
5114,Grindloid,9
5114,killnatsu,10
5114,LynxitoWo,7
5114,theo55667,10
5114,ukiyo_e_otore,8
5114,Crackudo1337,10
5114,GreekMyth,9
5114,FishSucks,8
5114,GameXnoXJinsei,10
5114,raisuwaifu,9
5114,Closet_weeb_uday,9
5114,osfya,7
5114,jennymyfrenny,10
5114,Rezewy,9
5114,Edward-hooman,9
5114,Adamt0,10
5114,antifishqi,9
5114,Umbra987,8
5114,kastia13,10
5114,Mumu_14,10
5114,Digo9000,10
5114,QueenSenpai_kun,10
5114,Crixus_V2,10
5114,Evangeline_Blake,8
5114,Blum32,10
5114,Capserh,9
5114,yuanmiguel111,10
5114,AntiClock432,9
5114,Secretly_Sam,10
5114,brunalimarosaa,10
5114,Wilsonlops,9
5114,shadownater,10
5114,GreenAndroid,9
5114,Saijaku288,9
5114,Naaaviiiii,10
5114,BigHatEltrix,10
5114,_Tsukii__,6
5114,ukytan,8
5114,soraalicefag,10
5114,RedDeady,10
5114,radmadandalilsad,10
5114,de_gen_er_8,7
5114,Koomongous,8
5114,BigtrainOnya,10
5114,dluiscosta,8
5114,mtronic,10
5114,anA3s,10
5114,KysLalo,8
5114,nxvela,10
5114,SonDaniel12,8
5114,Krimoux,9
5114,Secla,10
5114,rinshikou,10
5114,swsnoodle0,10
5114,kkaynic,10
5114,undeaniable_,10
5114,Rotorized,8
5114,affit,10
5114,Boruma,8
5114,DARKGMM,9
5114,Shanekirito,9
5114,Saff9029,10
5114,DaemonicFire,10
5114,danrosca10,10
5114,Cruz4d,9
5114,Gaboxdd,10
5114,TrueStuns,9
5114,1eesa,10
5114,luc4s_ks,10
5114,Killua0990,10
5114,TheBlackDemon,9
5114,Dream_Yume,10
5114,Dairumondo,10
5114,Charles_Reed,10
5114,vinhanime,10
5114,animenigga1,9
5114,Caladiel,10
5114,NoFaacee,9
5114,Elvisbreastly,10
5114,Seymorque,10
5114,Crunchy44,8
5114,hij0x,9
5114,jtepyan,10
5114,DroWsy0,10
5114,Natan555,9
5114,euclides_melo2,10
5114,corporalkane,10
5114,Skyblues,10
5114,PandoGear,10
5114,Elkakin,10
5114,LuKreitor1002,9
5114,UndeadReaper,9
5114,Innovade,9
5114,VanyaAllison,10
5114,ITAMI83,10
5114,asianmansam,9
5114,AlfoP,8
5114,Billvar,9
5114,ImBadWithNames05,4
5114,SprobbyBlongo,9
5114,Andlu87,8
5114,PoliceDonuts,8
5114,SamKento,10
5114,MetalNymeria,10
5114,jayt4509,9
5114,thymp,10
5114,sstarflan,10
5114,CrazyWeabo105,8
5114,destrokz,8
5114,BlueCrusader57,7
5114,Zieh,10
5114,aMahon,8
5114,nxscimento,10
5114,lilmauve,9
5114,hingyu3320,10
5114,claudiaxox,10
5114,Joker_g204,10
5114,jphillips2873,8
5114,foxdog178,10
5114,Naz210,10
5114,championStreak,9
5114,LaFarine,10
5114,Royroytorres,10
5114,Wolf_Warrior_360,10
5114,igauli,10
5114,alginwl,9
5114,Viporol,10
5114,eu_jean,10
5114,YuRatheSLOTH,9
5114,_Bootylic10us_,9
5114,Julx7393,9
5114,zacaj,10
5114,Dodds,8
5114,Uppah,8
5114,cappuzitos,7
5114,Eluent,9
5114,KaneMagrath,10
5114,EstMalleolus,10
5114,Quinn-sama,6
5114,iwantfrogs,10
5114,Ethro,10
5114,Quiggles829,9
5114,SK_41923,9
5114,Nishiyori,10
5114,DiegoB_Brando,9
5114,IGhostPro27,10
5114,SadFrost,10
5114,Glenpai,10
5114,Araki_Worshiper,10
5114,TheOnlySky21,7
5114,kamsu,10
5114,Kevster21,10
5114,shiranishizuka,8
5114,qveryy,9
5114,wafabig,10
5114,JaydenDaLilSnail,9
5114,xansword,10
5114,Hayqo,9
5114,DT08,10
5114,picklepanda02,10
5114,Apelix,8
5114,Iammrexp,8
5114,JPS02,8
5114,anachiamenti,10
5114,MartaNara21,9
5114,M_Rojas18,9
5114,bbqcheeseburger,7
5114,KYX176,9
5114,ParagonDorito,10
5114,Fabian06,8
5114,Rindou_Chan,8
5114,Ryonten,9
5114,GARLOD,8
5114,ZADC,10
5114,Howii,7
5114,grimmjow_chan,9
5114,SirSighmund,10
5114,Rxssi,9
5114,KoregaRequiem_Da,7
5114,CrybabyyChan,9
5114,Briggy2501,10
5114,7azem10,10
5114,zyxezz,7
5114,yasperyo,9
5114,Redragon12,10
5114,SHjiwani,3
5114,Raph_dp,9
5114,PedroP_SM,10
5114,pedroascensao99,9
5114,NerdyTable,1
5114,RezloJr,10
5114,lunchhh,10
5114,7point8outof10,10
5114,SaadRT,9
5114,Kiritoxnewt,8
5114,Patasdeganso,10
5114,Zefir0w0,6
5114,acexsilver,10
5114,PariLino,9
5114,Sadistic_Winter,9
5114,Bereghond,10
5114,WILSON025,10
5114,oyarzochupaloctm,10
5114,shookytooky,9
5114,mike12041204,9
5114,dtfykgl,10
5114,ChronoXlll,10
5114,beze,10
5114,ncj123456,8
5114,efeonura,8
5114,JackXD184,8
5114,GTarrao,10
5114,vaorova,10
5114,ShliiFiddy,10
5114,AiyuY,10
5114,Harleeeezy,9
5114,Hatakesan,8
5114,vividskies,9
5114,PeclatCaio,9
5114,Dirtypoem,1
5114,LuchoDios,10
5114,jNilsson,10
5114,JakeSB,9
5114,drewisbad,8
5114,WarmasterStormer,8
5114,RiquelmeCauan,10
5114,AllyEEEE,10
5114,iagocarsa000,7
5114,justanais,10
5114,Kingdavid25,6
5114,SuryckTheOne,9
5114,Caixeta,10
5114,585_bansal,8
5114,seanmartin025,9
5114,muuntaja,10
5114,emilylchen,9
5114,misxtorie,10
5114,ZeRoTwO_2,9
5114,Fubukix,10
5114,Jffrzn,9
5114,Bbass777,10
5114,Spartan058mark,10
5114,obitoxnaruto,10
5114,Ali_mtasa,9
5114,Kur0k011,8
5114,mekakushis,8
5114,jrodri,9
5114,Nitdip,9
5114,ShogunDaddy,9
5114,MightyLepo,10
5114,Brill01,9
5114,Kamikaze98,9
5114,narduo12,8
5114,lemonaids23,8
5114,ossmaan,10
5114,endezweii,10
5114,JLee16,9
5114,Zer0250,9
5114,Nezukochan_n,8
5114,yoshtola,10
5114,Flaming-Cat,8
5114,WhatsOutside,10
5114,hassan_Waheed1,9
5114,Wollnapkins,7
5114,HAFlat,9
5114,MoonLi,9
5114,HCaesar,10
5114,Somak,9
5114,BeebClek,7
5114,yakult000,10
5114,Ota_Kuu,9
5114,Exbo,9
5114,Neo_Spectre,8
5114,j_meili01,9
5114,Lemill1000000n,10
5114,Ojin_,9
5114,powersurge042,10
5114,Alexandre_Lucas,10
5114,H4rume,9
5114,Robertocha,10
5114,Ha-an_1432,10
5114,DonByka,10
5114,Bledastone,10
5114,MAIdylan,9
5114,j0j0tar0,10
5114,rolpeon112,10
5114,Jennybean_K,9
5114,OwarioNoSeraph,10
5114,Raistheim,10
5114,CookieCatKay,8
5114,UchihaKaroru,8
5114,IsaNobre,8
5114,kiyoa,10
5114,nicodemoos,10
5114,Nifa,9
5114,LucarionXx,10
5114,xdiegob,10
5114,Subota,7
5114,Pacolantiiis,8
5114,Aarons_sigh,9
5114,antdel31,9
5114,Theaffy,6
5114,PugSenpai,9
5114,BlueBoxNora,7
5114,Toell,10
5114,namelessjord,10
5114,Goldan_Otaku,10
5114,Kourtnay,10
5114,snake_Skin,10
5114,Peintboi,10
5114,Kenma122,10
5114,ojle1234,10
5114,SamSh22,10
5114,jomamajoestar,8
5114,ListaZero,9
5114,tydar,10
5114,Max991,10
5114,Loyal_Royal,10
5114,WeebOverLord69,6
5114,MarshallFevi,10
5114,RoramPK,9
5114,Chapo89,10
5114,MoonlightCansu,9
5114,zackattack25,10
5114,GibbyManson,10
5114,samver,10
5114,Big_Matt,10
5114,VakVili,10
5114,karats5,10
5114,LuffyKyle,8
5114,Honlan,7
5114,Edgy_The_Hedgy,8
5114,f_felix,10
5114,SogeDking,10
5114,Nico_uwu,9
5114,Gerson_88,9
5114,_Suuko,8
5114,SaberRyner,9
5114,NicolauYamato,10
5114,Goshdarnit,10
5114,hyskoax,10
5114,cineworlds,10
5114,rimuru_temp,10
5114,JacobPJ,7
5114,-Oromis-,10
5114,Pirocks1,10
5114,dhavin,8
5114,noSnail_inPail,9
5114,livenlife12,10
5114,Deasixon,10
5114,Ines2020,10
5114,Vicetoy,8
5114,greyupongrey,10
5114,SuperPanther70,6
5114,ZillerOLDKA,9
5114,Kotopec1337,9
5114,drakius6,10
5114,LippaiVirag,10
5114,NorninTheWizard,10
5114,n3_,9
5114,OnlyASpark,9
5114,DadangHikman10,9
5114,TyroneOG,10
5114,evistin,9
5114,Invinciblekazuma,10
5114,Raul_mm,10
5114,joyurisolo,5
5114,Datboi_Chuckles,9
5114,carpotaku,8
5114,oParadox03,10
5114,Raekko,7
5114,Mr_ReVoKe,9
5114,Wasim12580,8
5114,DarkRasengan,10
5114,DasSquish,10
5114,AmirDiabetic,9
5114,fullofpotassium,10
5114,GuiAlex,10
5114,ThisTrashPanda,6
5114,DGunes16,10
5114,astroambassador,10
5114,BaBaJ,9
5114,Sanath121,10
5114,bethenna,6
5114,SugerSenpai,8
5114,Syrinxeagle32,9
5114,kuraiko911,9
5114,Arcane_D_Slayer,10
5114,Oelendra,10
5114,rowaelin,9
5114,Pabluuues,10
5114,Jessegt15,7
5114,susmen,10
5114,Fierrza,5
5114,Useless_Can,8
5114,StarLynx3126,10
5114,Lastic0t,8
5114,Raishisho,10
5114,Arexel,10
5114,Karricjusz,10
5114,JackSp,10
5114,StarlogRequiem,9
5114,xdatlam,10
5114,owlnyx,8
5114,Olof420,9
5114,layxing,9
5114,vukikio,8
5114,SCPAndrea,7
5114,Arnav_Karn,9
5114,Tomayuli,9
5114,apogay,10
5114,alperreplaxxx,9
5114,JJarsol01,10
5114,Gozaimasen,8
5114,Zellendore_234,10
5114,Megumin69Hood,7
5114,PeanutToast,9
5114,WobniarelbuoD,8
5114,Knives-Millions,8
5114,Rumotamotenazhi,10
5114,_SATOR_,10
5114,nhoapad,6
5114,Sourov11,10
5114,Renegado98,9
5114,Dailma0,9
5114,GaloAlado,8
5114,Blazecuna,8
5114,misanor,10
5114,TheNush,10
5114,Asdass,10
5114,cjbath,9
5114,rudyh,10
5114,Mel_2882,7
5114,GoodFace734,8
5114,Dreamville5,9
5114,Lipts,10
5114,RobSpeedwagon,9
5114,GB2004JOOJ,8
5114,ZeWildYoshi,10
5114,cloudfluff,9
5114,hototec,10
5114,Rainbowcoult1234,10
5114,Kricker3342,9
5114,RobinOP,10
5114,CatCatCat27,10
5114,GGVICTOR,10
5114,Maunjulika,10
5114,Kurashimaro,10
5114,Paamtomaka,9
5114,senjuice,10
5114,Catslover8,8
5114,zKaosu,10
5114,ArviDr0id,10
5114,Mishellfish,10
5114,xXMateusXx,9
5114,Edoga12,10
5114,Roxas_Wright,10
5114,ChivalrousPimp,8
5114,KonoPaguah,10
5114,hamzafisa,9
5114,DarkClaw86,9
5114,mshd_1,7
5114,YungMulanBaby,7
5114,modernkill,10
5114,Maene_07,10
5114,Flamingo47,9
5114,Potatolatas,9
5114,Mauricewlk,10
5114,Qt_Kuro,9
5114,tonictester,10
5114,Ranamga,10
5114,xdSmerky,10
5114,yng_trist,9
5114,Dyamshonn,10
5114,Dhoritri,8
5114,smelleroni,8
5114,markeezy,10
5114,zxkillua,9
5114,CookedPotato23,8
5114,Lumi7seven,8
5114,numbr26,9
5114,Offlime,10
5114,Stro,9
5114,Raumeusz,9
5114,Xx-Suicidal-Xx,7
5114,Luckerko,8
5114,Timtheplayer12,9
5114,Abashc,10
5114,Svdmch,10
5114,Ocean1711,10
5114,LeopardXgamer,7
5114,Patrik105,10
5114,KunoRex,9
5114,Lacastus,10
5114,zeref_Gin,7
5114,Lolek5002,6
5114,SqmBagers,9
5114,Teacan3100,7
5114,Pugnacious_Pug,9
5114,SickGod100,8
5114,SaltyGrapes,8
5114,Tanjiro5555,10
5114,Itsdwayne,9
5114,KEE75,7
5114,Chaoskodachi,10
5114,Lil_Moe,10
5114,kyoko9339,10
5114,Hoshitsuki_,10
5114,DekkerZA,6
5114,Aleximo27,5
5114,Fuukaze,10
5114,Xenmi,8
5114,javilomo02,10
5114,hunter0506,10
5114,RomanLaty,8
5114,destebal,10
5114,brunocm,10
5114,montanarose93,10
5114,GeekOnWeeb,10
5114,Killerx368,7
5114,ryotario,9
5114,mokinxd,10
5114,ORG4N1Z3DCH4O5,9
5114,Placke_LP,10
5114,Atomezz,10
5114,Hikikomori_sla,10
5114,Zayn-sama,10
5114,CaXi__,9
5114,SalmonRollz,8
5114,taeofhyung,10
5114,solidsebass,8
5114,natsuyas,10
5114,Arigato4,10
5114,thecriss1,8
5114,PokeMaster843,7
5114,KK4rmaa,10
5114,Tteeddiip,10
5114,vilqu,9
5114,NarumiNifuji,10
5114,lildosa,9
5114,BigBody,9
5114,NTF,9
5114,BnDGz,10
5114,Jeroth,10
5114,salih2020,10
5114,ChromedDragon,7
5114,DrunkenBen,8
5114,Gustabokkk,10
5114,lothaleniddH,9
5114,wn1l,10
5114,PersonaSOLO,9
5114,AaronYami,10
5114,FengLiang,9
30276,Aurimelis,9
30276,IAmBA,8
30276,McApplez,9
30276,BDU4,9
30276,puppy_shluppy,4
30276,Hushed97,9
30276,HunterxS,7
30276,TudoricaRica,8
30276,markCO,9
30276,Kiray7498,9
30276,Driffty9,7
30276,InspectorVector,5
30276,Psicosacc,7
30276,goldenkirby21,10
30276,mmehedii,8
30276,catsado,8
30276,Briettah,9
30276,Intenzi,9
30276,Kkmeme,10
30276,Sandetui,7
30276,FerrumMarauder,9
30276,enzoo_gr,9
30276,xdMacs,8
30276,SeinenJump,7
30276,YamiiiKaze,6
30276,kaylaberry,10
30276,Iwatchmango,10
30276,Katarsi,4
30276,sleepovibes,8
30276,linna2709,9
30276,tom_cooper4,8
30276,Benchix12,9
30276,Kamoto15,8
30276,Jian_Landi,10
30276,Pika22YT,6
30276,enzoo_gr,9
30276,xdMacs,8
30276,SeinenJump,7
30276,YamiiiKaze,6
30276,kaylaberry,10
30276,Iwatchmango,10
30276,Katarsi,4
30276,sleepovibes,8
30276,linna2709,9
30276,tom_cooper4,8
30276,Benchix12,9
30276,Kamoto15,8
30276,Jian_Landi,10
30276,Pika22YT,6
30276,vijay99,8
30276,Flambo_,8
30276,Ragnamonkey,9
30276,B28674,8
30276,Geo-sensei,7
30276,Vinossauro,3
30276,Dbreezo,8
30276,lunabakah,8
30276,Mdkmudassir,9
30276,raj_dwivedy,9
30276,Zen-Zense,7
30276,H4rume,9
30276,xmelomelo,9
30276,conan_,8
30276,BETAziggy,9
30276,Tynersenic1,9
30276,RaidenProtocol,10
30276,Kenjii_,9
30276,Sadsounds,9
30276,LiaWinter,9
30276,Kodee,7
30276,Maianhho,8
30276,EclipseOnCrack,9
30276,JakubPlatypusu,9
30276,indiragoswami03,7
30276,AshLy99,10
30276,Acera123,10
30276,anshumanmal21,9
30276,danielkoetsier,6
30276,chiggens,10
30276,Blacksheep75,9
30276,LilDon,8
30276,sharpknives,7
30276,TheTrueDragosin,10
30276,lliafi,8
30276,ChorionicFall,8
30276,LelouchBolado,10
30276,agentcs6,8
30276,Nyanya11,10
30276,Johnhalm2004,7
30276,MAbRas15,9
30276,arky__,8
30276,Dezzzu,6
30276,sneaX33,8
30276,hunter47195,7
30276,nicolananas,8
30276,Animeweeb2005,7
30276,portgasdegg,7
30276,vivanation,8
30276,Efeizleyici,8
30276,Reaperlee,8
30276,Symphysis,6
30276,DevilAwal,8
30276,Keowynn,8
30276,DzWhaler,9
30276,Acitrusfriend,9
30276,spliffern,8
30276,shashwat2001,9
30276,Rescuff,7
30276,andremc2,8
30276,f_felix,9
30276,Cameronminor,8
30276,BornoftheBlood,8
30276,ImranGamer,10
30276,ImranGamer,10
30276,dax20005,8
30276,Humejd,6
30276,Lox369,7
30276,LittleChrissie,8
30276,Euwone17,9
30276,jazoneblaze08,10
30276,AdarshCJ,7
30276,KaiXKI,8
30276,ZeRoTwO75496456,9
30276,iKakashi,9
30276,goodjudge_1331,9
30276,Budzik,8
30276,Ehjjonge,6
30276,andiheniii,9
30276,Stazaky,9
30276,lolifilico,6
30276,Raisa_MAL,7
30276,Agreeableend,10
30276,Marcusg13,7
30276,DOALFIKAR88,9
30276,iit0,9
30276,myachig,10
30276,dvbnic,10
30276,TBR,10
30276,WhiteRubik,8
30276,Shampolo,9
30276,yourgirlfc,10
30276,tria005,8
30276,Carrahar117,10
30276,ii7moodUAE,8
30276,CYRUSanime,10
30276,RemkoD,7
30276,lebawra,7
30276,Magmanat,10
30276,GThatNerd,8
30276,ShimadaisReal,5
30276,yameroochan1,9
30276,Saffid,8
30276,erenguapo,6
30276,Tamago-desu,10
30276,hitsuji_,10
30276,Mintpapa28,9
30276,citylimitsjr,8
30276,RaverCarlos,9
30276,Dark_tama_tama,9
30276,Butterstick95,6
30276,helpme_uwu,6
30276,d6fh4x,10
30276,TiGranatan,9
30276,-_Hikaru_-,7
30276,syphdias,7
30276,xzkyeom,7
30276,anaza-swe,8
30276,lethryon,9
30276,KingJaize,8
30276,TheShichibukai,10
30276,I7m4e1,8
30276,SkrilloVFX,8
30276,Lohis555,9
30276,Wish_I_WasAsleep,8
30276,sarveshk907,7
30276,Bredron,10
30276,ThicccOatmeal,8
30276,lesathstr,8
30276,yogirltiffany,8
30276,Trampa,9
30276,dondache,8
30276,Mj_AndSushi,8
30276,Tadaronne,8
30276,lemonpiercer,8
30276,Quioia,8
30276,4n1rok,9
30276,Mariox1030,8
30276,MoodyRobot,9
30276,Van5903,8
30276,oncrip,4
30276,Bencikonflik,9
30276,CreationFate,8
30276,Hadi74,8
30276,_mahoukazekawa_,8
30276,windpinkler,8
30276,absenceayy,8
30276,7ds_wrath,9
30276,satsujingki5,9
30276,xingru,5
30276,kazuyo-chan8,6
30276,DarthSirious,6
30276,xRealSven,10
30276,ALBEROLUBBIANI,8
30276,TheGirlWithHorns,10
30276,Dam1Dam1,7
30276,TakedoWnBRUH,7
30276,josh21,9
30276,kazy07,7
30276,okteno,9
30276,moloczero,10
30276,Cuboid_ARu,10
30276,Tyrepoi,9
30276,Paoro-kun,10
30276,zymo,9
30276,jurcek,9
30276,Yuma_0430,9
30276,V01D1011,10
30276,Ephraim_Renais,9
30276,Camyus,8
30276,TheBirdPriest,9
30276,FuckingLIST,8
30276,CURS3DKISS,6
30276,Tsola,10
30276,Mike-Olivier,9
30276,kidziplock,8
30276,AngelRayz,10
30276,_zakaria_,8
30276,RickyPeach,9
30276,Itachiappy,9
30276,RoeJogan,7
30276,epiphanismbeats,8
30276,Aliviana,8
30276,keisan69,8
30276,BlackHeart_Fakuu,8
30276,Detroper,9
30276,Somorita,8
30276,dj505PIU,10
30276,dragonstardust,6
30276,ItsToodle,7
30276,Neonphoenix1,10
30276,Pepskipepep,9
30276,xXKitKat99Xx,7
30276,pedalaDoizeci,7
30276,Grimes2002,8
30276,prerak_1805,9
30276,ultramewtwo,10
30276,JustDragon7,10
30276,Barnii17,10
30276,RandomUser251,8
30276,Taquache,10
30276,mikaelcg,8
30276,GlowingFerret,10
30276,IamChrollo,7
30276,Metze,8
30276,AnakinDude99,8
30276,Iguerra99,10
30276,BakaSonam,10
30276,Muffinintendo,9
30276,animegarcia96,8
30276,theworldoh,8
30276,mohammedparuk,10
30276,oofoo,8
30276,IamGummy,8
30276,Jattforce24x,9
30276,IChirch,8
30276,ShadowViperX7,10
30276,ballzac06,9
30276,__squilliam__,7
30276,kuroreym,9
30276,VerifiedGoodBoy,9
30276,RektCookiee,9
30276,Stark101010101,10
30276,Camendez20,8
30276,Kataruki,7
30276,myordinarylife,9
30276,GamrTaku,6
30276,4inchesisaverage,8
30276,Maja5915,9
30276,samooraiccj,8
30276,BigtrainOnya,8
30276,ErzaSenju,7
30276,clicheaboveall,7
30276,shozume,7
30276,Teji_,10
30276,sithgabe,7
30276,Lionking5098,7
30276,gunnawunna,9
30276,Byshiz,8
30276,demzzalq,10
30276,BarLuv,5
30276,Yhamhamoto,9
30276,Spero7671,10
30276,Flash12k,8
30276,Neamul,9
30276,Taaran,8
30276,gamealex19,10
30276,LunerPanda,10
30276,heheawfeam,8
30276,Murito,8
30276,Mangahorse,10
30276,ConanSuzuki,9
30276,TRIFTONE,9
30276,BweebyB,9
30276,The_Wreck_DeReck,9
30276,protatoez,9
30276,Mothramoi,9
30276,TakeNe88,7
30276,Lucy_07,5
30276,boujeeramen,9
30276,SpeicalRooster,7
30276,Shehabov7,10
30276,Rianmatz,7
30276,Mossyh16,8
30276,Cillie,8
30276,gilbrooks,10
30276,kostiashka,10
30276,HariChandiran,7
30276,Arkann,8
30276,sweppu,8
30276,thicclolis,8
30276,OshawottDaBoss,9
30276,RoyalKing,10
30276,LucasGamer12z54,9
30276,D4NgEr24,8
30276,Nintenboy,8
30276,Pastelhorse,10
30276,hellmobile,8
30276,Misaki_bei,9
30276,mntgrnd,9
30276,DripFrosty,7
30276,zaraloko,3
30276,CheesyB,8
30276,Nabiganj03,7
30276,Thapa_D_Aaditya,10
30276,ntbkillz,10
30276,Icrios,8
30276,delilian,10
30276,kobrakai23,9
30276,Sh3vam,7
30276,gypsyman9000,8
30276,Deddrz,8
30276,AnimeWatcher3344,10
30276,Kanade_69,7
30276,MadFalcon,10
30276,maltbreal,9
30276,afrid_istiaq,8
30276,ouaisdeouaiis,7
30276,RaphaLoza,10
30276,BfCoD51,7
30276,Akiradiarra,6
30276,Spuzza999,7
30276,bryantf,8
30276,Captain_dyslecia,7
30276,Ikari-rafi-ray,9
30276,N4N4CH1,8
30276,aldafb,8
30276,jellyplantz,6
30276,kironinja1001,8
30276,Riririn_Garnet,6
30276,LewdTissue,9
30276,betymaster,8
30276,hotdogwaterer,10
30276,Digiacejedi,8
30276,Draline,9
30276,mor-kun,7
30276,Amirthecool,9
30276,NavyCL,9
30276,LUCYKARON,10
30276,vnbar,7
30276,RedKittyKillOMG,10
30276,Broncobeast,7
30276,nhatanhmai,8
30276,Noahpetrop,10
30276,PanTheMan,9
30276,MilkSh4ke,7
30276,ElPPirula,8
30276,Blankz_,9
30276,cryptid_doe,7
30276,Rokku_,9
30276,ArdySama,10
30276,KaiserWulfen,9
30276,sxhmoop,10
30276,Noothz,9
30276,Lecleclecc15,10
30276,liquidiceblade,9
30276,Shmondo,9
30276,YamiYukihira,8
30276,weebunion,8
30276,Billiet,7
30276,ichirolean,10
30276,crasher495,9
30276,ek1lumi,8
30276,dacastro,9
30276,GaGex,7
30276,NoLuvSumoh,8
30276,Comedy99,8
30276,ErversonTV,9
30276,Zeroing202,9
30276,Zxc_Race,9
30276,tBoywithA,8
30276,qihuichenn,8
30276,xoxoxly,7
30276,ashleyko,10
30276,Mysterionnnn,7
30276,lucasahem,7
30276,Anime_Sohail,10
30276,cyber_coupe_benz,9
30276,_Mijah,7
30276,tine_chan,10
30276,Nak0ss,8
30276,Umqualquermn,8
30276,Affaraa,8
30276,T_U_B_,9
30276,FFDawid,10
30276,Robertocha,9
30276,arthurdzwieleski,7
30276,Esdrubal,9
30276,GJ,10
30276,Lemill1000000n,9
30276,_alFREDo,6
30276,ItachiIzuku123,10
30276,fatpants,10
30276,bkotaku,10
30276,smoxy,7
30276,Joki1,9
30276,elMatiWTF,10
30276,Candfly,8
30276,oishson,7
30276,Diam_Raina,5
30276,abcd231,7
30276,Smashbrony8,9
30276,BongoKong217,8
30276,RootZul,10
30276,CatDunbar,7
30276,MuktadirFreak,9
30276,4mayas,9
30276,CarnageMatt,9
30276,Kod4,7
30276,bruhhhhhh666,7
30276,ComradeSquidwrd,8
30276,CCarrMcMahon,8
30276,_Plaguiw_,8
30276,glacr777,8
30276,SkullyOak309,10
30276,MaxBean,9
30276,Reverse4123,9
30276,connorlw,8
30276,Anaiimez,9
30276,Nelio17,9
30276,TingleFan,8
30276,2Yong_Comunista3,9
30276,littlestrikerz,8
30276,Shamecube,10
30276,bfm837,8
30276,Mikupro28,9
30276,Russell1047,8
30276,Bubba_13,9
30276,Ma-tsu,9
30276,edgewor,10
30276,chewyrocks10,5
30276,playboicartier,8
30276,LeNitro,9
30276,stanuy,7
30276,kiiby,8
30276,Crackudo1337,8
30276,Volcanowo,9
30276,REDD0G14,10
30276,Straughz,10
30276,pikapikaaaa_,8
30276,drazoria,8
30276,KazuyaRIE,10
30276,ledankanime,10
30276,NikoRovelli,9
30276,Noah-,9
30276,DatBoi_Dave,7
30276,zvibehd,10
30276,Jbiera443,10
30276,rvben,8
30276,mxphantom1,9
30276,LordDaggerD1ck,8
30276,anayerb,8
30276,Pipiri,9
30276,soraalicefag,9
30276,GameXnoXJinsei,7
30276,Pixel-Arrt,9
30276,raisuwaifu,5
30276,justLouis,8
30276,TyroneMagnus,8
30276,Umbra987,10
30276,Meloncholic,8
30276,Aryan-san,8
30276,vArchangel,9
30276,Evangeline_Blake,8
30276,Yessir69,6
30276,jennymyfrenny,9
30276,Kratos_16,9
30276,Wilsonlops,9
30276,Crixus_V2,10
30276,Digo9000,9
30276,SenutnaKG,8
30276,DampyWampy,9
30276,labcraft59,8
30276,CinnamonBum,9
30276,LordZaroto,10
30276,lemonaids23,8
30276,quiero_morir,8
30276,Jaeger_aman,10
30276,SNo0P,10
30276,Saijaku288,8
30276,SWAAAAGO,8
30276,Thuluwane,7
30276,camoik1239,7
30276,Oppai_OO,9
30276,Koomongous,10
30276,radmadandalilsad,8
30276,YoshiZ14,8
30276,cs594,6
30276,GreekMyth,9
30276,kubisnax,5
30276,de_gen_er_8,3
30276,KuniKendi,10
30276,KevChaos,9
30276,kevin12l,8
30276,DramaticDrummer,8
30276,Sleepylax,8
30276,nxvela,8
30276,YunGG1,6
30276,undeaniable_,9
30276,FreelyViben,6
30276,GuilhermeDiniz14,8
30276,Jakehelms375,8
30276,seungchung16,9
30276,Animedoode20,8
30276,kkaynic,8
30276,bxdm,8
30276,froggospoon,8
30276,gexfan94,8
30276,Quiggles829,8
30276,affit,8
30276,Sirrullah,9
30276,DaemonicFire,9
30276,Boruma,6
30276,LarryKLV123,8
30276,Cruz4d,10
30276,Saff9029,9
30276,animenigga1,8
30276,1mythical,6
30276,alexzgooze,8
30276,EstMalleolus,9
30276,Meru3,9
30276,honestranch,8
30276,SirToxin,7
30276,lcward22,7
30276,hij0x,8
30276,jtepyan,8
30276,Skyblues,9
30276,Mattmar16,6
30276,Elkakin,8
30276,Yaeger70300,10
30276,MagaMag,9
30276,VanyaAllison,9
30276,Juliet_Freeman,8
30276,JeffuObama,8
30276,Vanpaio,10
30276,Mapusisoa,8
30276,sstarflan,8
30276,panicpeace,8
30276,Billvar,8
30276,Jeanlucca,9
30276,Innovade,7
30276,Kerem5arac,9
30276,ITAMI83,7
30276,sykeclops,9
30276,SamKento,10
30276,Pedritouwu,10
30276,ImBadWithNames05,7
30276,jayt4509,8
30276,ImYayb,8
30276,Qwwerrwq,10
30276,Ty800,6
30276,RoriDan,8
30276,Jordan913319,9
30276,JaydenDaLilSnail,9
30276,jakesum123,8
30276,Augustin_b,7
30276,CrazyWeabo105,6
30276,BlueCrusader57,8
30276,Carrot5953,9
30276,lilmauve,9
30276,jphillips2873,7
30276,foxdog178,10
30276,Andlu87,6
30276,championStreak,7
30276,GodAkira,10
30276,Cat_Trash,9
30276,Mod_of_L3wds154,8
30276,NyneLol,9
30276,fuatagaj2110,8
30276,seuki,10
30276,Julx7393,8
30276,Uppah,7
30276,aschraf1,10
30276,GoldcrafterXD,8
30276,Quinn-sama,10
30276,Howii,8
30276,zoldyckzone,7
30276,Iammrexp,7
30276,CammyUWU,9
30276,flacoo1403,7
30276,Inferno1302,8
30276,Nishiyori,9
30276,Araki_Worshiper,7
30276,Santi_Sensei,7
30276,renzoiwnl,9
30276,TheOnlySky21,10
30276,EVANtiel,9
30276,Phoenixcry,8
30276,OdaSsi,8
30276,Rhineron,8
30276,wafabig,8
30276,barndoon,10
30276,amabo,8
30276,muuntaja,8
30276,DutuRC,9
30276,Hayqo,7
30276,PaulaR,9
30276,KYX176,5
30276,joife0vue032,8
30276,f36sefel,10
30276,AyameChie,9
30276,thinkingdogman,8
30276,Ray1818,10
30276,bbqcheeseburger,10
30276,stingr3y,9
30276,nothingherec,8
30276,Raph_dp,9
30276,rekreant,8
30276,TheQueen_Desiree,10
30276,beze,9
30276,Mob-san,9
30276,quiquevm,8
30276,weniscream,10
30276,Anovi7,7
30276,Fati9,9
30276,plumball,8
30276,Thehispanicweeb,10
30276,Ceutkss11,8
30276,zyxezz,10
30276,Xenmi,8
30276,Redragon12,10
30276,by_ozeremr,9
30276,Hareoshima,7
30276,stefanleahu,7
30276,poiarized,7
30276,obitoxnaruto,8
30276,pedroascensao99,10
30276,bruhmoment7,8
30276,Seminho,7
30276,edgy_waifu,7
30276,grimmjow_chan,9
30276,noorahmed,8
30276,NerdyTable,1
30276,cdnrik,8
30276,Kiritoxnewt,9
30276,Exulandria,9
30276,Saucykage,8
30276,Borjafreire696,9
30276,Jaggers,7
30276,YuRatheSLOTH,8
30276,__ru4n__,10
30276,SaadRT,9
30276,D4bby,7
30276,PariLino,9
30276,poradic,9
30276,pakofiestas69,8
30276,ArgetSnake,7
30276,mike12041204,8
30276,adrianchiru,8
30276,_scar,8
30276,yeetboiclarke,9
30276,ChronoXlll,9
30276,SangwoosNutSack,7
30276,Shelmor,5
30276,dtfykgl,9
30276,Conflictive,9
30276,vividskies,9
30276,ArticFabreeze,9
30276,ncj123456,9
30276,ImGonnaStarveU,9
30276,Hatakesan,8
30276,AiyuY,10
30276,AxolotlAndino,9
30276,Enrico_Polesi,7
30276,Neo_Spectre,9
30276,Purpleramen72,7
30276,seanmartin025,6
30276,OwarioNoSeraph,9
30276,Itsjustmylo,9
30276,jqsmine,7
30276,Kur0k011,8
30276,ShogunDaddy,8
30276,Bledastone,8
30276,Ageu38,9
30276,mxkx,9
30276,Blessipo,9
30276,Ota_Kuu,9
30276,Patasdeganso,8
30276,TaljehSama,10
30276,MightyLepo,9
30276,ossmaan,6
30276,THEasian4852,10
30276,RinArndt,9
30276,Kamikaze98,9
30276,Makseku,9
30276,narduo12,9
30276,karma7z,9
30276,UpwardCurve,7
30276,SolidSnekXtra,8
30276,MrHuman8156,7
30276,NotLegendCR7,7
30276,MoonLi,9
30276,Silly_serenade,9
30276,Velocita84,8
30276,Wollnapkins,9
30276,HAFlat,9
30276,DasBambusrohr,9
30276,Kirra69,8
30276,xsathrien,8
30276,Bijuusage,8
30276,j_meili01,9
30276,SuperPanther70,7
30276,Akash1211,9
30276,annasksk,8
30276,SoulSwoosh,7
30276,DonByka,9
30276,BlueFire07,10
30276,WaterCloth,9
30276,himanshujr11,8
30276,Biotux,7
30276,Sutejsk28,8
30276,Doctor-Kage,10
30276,Raistheim,9
30276,Nerd20,8
30276,dkcu,9
30276,360falconpunch,8
30276,LucarionXx,7
30276,Max991,10
30276,abbeybee,6
30276,PugSenpai,9
30276,ray2_harmony,9
30276,Joaosamleao,10
30276,mlodywungiel,7
30276,Toell,9
30276,xdiegob,8
30276,BlueBoxNora,8
30276,kanarax,9
30276,Mighty_Suhail,9
30276,snake_Skin,8
30276,SKAUA,8
30276,00Aleh00,9
30276,26092609,8
30276,omqrl,8
30276,SoulBlaze_Senp,9
30276,Miiniboot,8
30276,JaySubb,8
30276,cineworlds,10
30276,jomamajoestar,8
30276,MoonlightCansu,7
30276,edward4028,8
30276,WeebOverLord69,9
30276,ekmessman,10
30276,Meeei94,9
30276,SevenX76,9
30276,Veljko711,8
30276,vaniljejento,7
30276,Subota,7
30276,Gerson_88,10
30276,Sakata_foriez,7
30276,zackattack25,9
30276,_Suuko,7
30276,Tusginx,10
30276,Milkizin,8
30276,Fushi_,9
30276,Jojo-references,8
30276,Elum,9
30276,SaberRyner,7
30276,NicolauYamato,10
30276,SugerSenpai,9
30276,Big_Matt,9
30276,hastur01,7
30276,Shady911,8
30276,Machistu,10
30276,Screwmixmasher,6
30276,ZillerOLDKA,8
30276,Honlan,8
30276,Jackzerotwo,7
30276,anzaisenpai,8
30276,Quickshoot,8
30276,HypaboliK,8
30276,GuroGuruu,8
30276,carpotaku,8
30276,ameliaheartfilia,8
30276,Aaravishere,8
30276,PickleJoestar,8
30276,John_Extreme,10
30276,Asteida,7
30276,Xx-Suicidal-Xx,7
30276,LippaiVirag,10
30276,NorninTheWizard,10
30276,drakius6,8
30276,gadzilla,5
30276,DadangHikman10,8
30276,romeoooo,8
30276,Stelios_93,8
30276,faby_lt,10
30276,WaterDog47,9
30276,EnvoyOfWeebhood,10
30276,ThisTrashPanda,8
30276,Beewaste,9
30276,JackSp,9
30276,Stefan_AD,10
30276,GhostNinja123,10
30276,Raul_mm,10
30276,jellybeeeeee,10
30276,AnimeKikas,8
30276,Tomaste,7
30276,Karricjusz,7
30276,Anime_killer01,7
30276,Oneline,8
30276,AggelosKiller13,9
30276,Mr_ReVoKe,9
30276,Ice_Scream__,9
30276,Useless_Can,7
30276,stephmapan,9
30276,cloudj_91,9
30276,Blazecuna,10
30276,Sanath121,9
30276,ZOD1S,9
30276,Jessegt15,5
30276,xurry,7
30276,FlameOfFury,10
30276,Pabluuues,8
30276,vukikio,9
30276,StarlogRequiem,9
30276,owlnyx,10
30276,Sekkimono,10
30276,mandy-chan,8
30276,itsyeet,8
30276,Linkio,9
30276,Longly6000,9
30276,darkkcyan,9
30276,Natchin,10
30276,Unknown316,10
30276,Raishisho,10
30276,Partyhouse003,8
30276,GroggyGosling,8
30276,StarLynx3126,9
30276,Nebulouse,8
30276,alperreplaxxx,9
30276,_SATOR_,8
30276,lixam,10
30276,MiszczuNiszczyV2,7
30276,WobniarelbuoD,10
30276,omunex,7
30276,Knives-Millions,8
30276,D_sn,10
30276,JhonnySbroglio,8
30276,GaloAlado,7
30276,nergiganter,8
30276,DerSpezifisch,8
30276,Rumotamotenazhi,10
30276,jenny18x,10
30276,TheNush,7
30276,Dailma0,8
30276,JustDie099,7
30276,ktanthony123,9
30276,Keshavi,9
30276,bonsaibaby,3
30276,bigmolestenergy,8
30276,Curtmc,9
30276,Asdass,10
30276,spectrejon,8
30276,cjbath,7
30276,NightKnight25,10
30276,Dreamville5,9
30276,Lukyan,10
30276,rhnmk,8
30276,Yebberto,8
30276,Lipts,10
30276,csmoreno,6
30276,RoramPK,6
30276,ItzYaBoyMystic,7
30276,ayman_hamido,8
30276,ajkristen,10
30276,bornarkun,9
30276,Fako47,7
30276,JasonArcKrulcifr,9
30276,ZeWildYoshi,8
30276,Rainbowcoult1234,10
30276,glekser,8
30276,Saswati,8
30276,GGVICTOR,9
30276,gattaccio,9
30276,Dragonballfanboi,7
30276,RedEclipse347,9
30276,exzachtIyright,8
30276,ArviDr0id,7
30276,jmiles02,9
30276,myariveron,10
30276,xajl9va,8
30276,monsieurleblob,7
30276,Nenno,9
30276,Thumbs_nail2,7
30276,Sgt_Lix,9
30276,Vermilion_Sky,10
30276,THX-775,9
30276,zKaosu,7
30276,wepelovesanime,7
30276,edw6rd,8
30276,BigJimmy32,7
30276,dankzin,10
30276,ProbablyAsexual,8
30276,ChivalrousPimp,8
30276,Yeager540,10
30276,misanor,8
30276,joey-dev,8
30276,Sakurami-chan,8
30276,hamzafisa,10
30276,Potatolatas,7
30276,Kadavru,10
30276,DanroJ,6
30276,Raumeusz,9
30276,jigabashi,9
30276,Jokestar_0G,10
30276,blepblop,8
30276,Anamiojo,9
30276,elinowhere,8
30276,Kowstoff,8
30276,Bigmonkeyman,8
30276,MrDroplet123,9
30276,Qt_Kuro,7
30276,NekoDeath,8
30276,DerpyLlama237,10
30276,yoogukv_,8
30276,WatchAc,10
30276,xdSmerky,10
30276,RobinOP,9
30276,Africanmatt,10
30276,VintageHeap,8
30276,Flamingo47,9
30276,Lacastus,6
30276,Jonte444,9
30276,markeezy,10
30276,freido23,8
30276,DaMexican,8
30276,ARW05,5
30276,Puppy115,8
30276,numbr26,8
30276,Abashc,9
30276,CookedPotato23,9
30276,Mauricewlk,8
30276,KopfDumm,8
30276,yeahdefinitely13,7
30276,Bandrich,9
30276,LionGhost,8
30276,Patrik105,9
30276,Lolek5002,9
30276,deadpoolba44,8
30276,__JM__,10
30276,WeebMAnyes,9
30276,douglasn5,8
30276,ArmyWeebBcWhyNot,7
30276,Itsdwayne,7
30276,zevfrostbyte,6
30276,ReemaMoh,9
30276,HoodieChia,8
30276,SaltyGrapes,10
30276,roastmasters,6
30276,Lopes44,10
30276,DekkerZA,9
30276,RomanLaty,9
30276,Pugnacious_Pug,7
30276,GeorgeB04,10
30276,RootChronos,7
30276,hunter0506,7
30276,Epicman3211,7
30276,jake22890,8
30276,DrunkenBen,9
30276,Flash56,9
30276,ORG4N1Z3DCH4O5,8
30276,Killerx368,6
30276,Lil_Moe,9
30276,goatballsQ,9
30276,Thorphinn,8
30276,YahiyaX777L,9
30276,Atomezz,8
30276,FearYache_,9
30276,frosty51093,9
30276,WarHero373,10
30276,HelierX,9
30276,jdpowe03,6
30276,datoneguy6974,9
30276,Zayn-sama,10
30276,CaXi__,7
30276,YT_GamingCreeper,9
30276,mokinxd,10
30276,Dray201,8
30276,iseewhitefox,8
30276,logand0901,7
30276,ZeroNote,8
30276,Plasmids,8
30276,MD_TH,8
30276,Mentor_F15,8
30276,watasei11,7
30276,AmobiusV,10
30276,pozdnakov,8
30276,BehenchodYeHeMer,10
30276,NarumiNifuji,8
30276,Mordredd9,8
30276,amilie_n00,8
30276,Lucifer013rst,9
30276,ypunch,9
30276,nightgirl_,6